engine,workload,threads,table_size,tps,qps,reads_per_sec,writes_per_sec,latency_avg_ms,latency_min_ms,latency_p50_ms,latency_p95_ms,latency_p99_ms,latency_max_ms,errors,reconnects,total_time_s,warmup_s
InnoDB,oltp_point_select,1,10000,2007389,2007389,33455.08,0,0.03,0.02,,,0.05,3.92,errors:,0,60.0025,10
InnoDB,oltp_read_only_batched,1,10000,77995,1247920,18198.13,0,0.77,0.67,,,1.06,5.10,errors:,0,60.0023,10
InnoDB,oltp_write_only_batched,1,10000,53535,321210,0,3568.85,1.12,0.72,,,4.74,52.48,errors:,0,60.0025,10
InnoDB,oltp_read_write_batched,1,10000,27028,540560,6306.27,1801.79,2.22,1.40,,,5.99,274.30,errors:,0,60.0025,10
InnoDB,oltp_insert,1,10000,62927,62927,0,1048.74,0.95,0.63,,,4.65,373.51,errors:,0,60.0024,10
TidesDB,oltp_point_select,1,10000,716466,716466,11940.60,0,0.08,0.07,,,0.14,1.81,errors:,0,60.0025,10
TidesDB,oltp_read_only_batched,1,10000,30585,489360,7136.16,0,1.96,1.64,,,2.91,5.34,errors:,0,60.0028,10
TidesDB,oltp_write_only_batched,1,10000,117742,706452,0,7849.13,0.51,0.40,,,1.01,4.15,errors:,0,60.0025,10
TidesDB,oltp_read_write_batched,1,10000,23579,471580,5501.49,1571.85,2.54,2.06,,,3.75,8.12,errors:,0,60.0030,10
TidesDB,oltp_insert,1,10000,1149259,1149259,0,19153.51,0.05,0.03,,,0.12,96.79,errors:,0,60.0025,10
InnoDB,oltp_point_select,4,10000,6668805,6668805,111142.11,0,0.04,0.02,,,0.07,4.17,errors:,0,60.0025,10
InnoDB,oltp_read_only_batched,4,10000,263004,4208064,61364.73,0,0.91,0.73,,,1.42,5.77,errors:,0,60.0028,10
InnoDB,oltp_write_only_batched,4,10000,150836,905016,0,10055.33,1.59,0.82,,,7.98,79.59,errors:,0,60.0024,10
InnoDB,oltp_read_write_batched,4,10000,111741,2234820,26071.50,7449.00,2.15,1.50,,,5.18,64.97,errors:,0,60.0032,10
InnoDB,oltp_insert,4,10000,120045,120045,0,2000.38,2.00,0.67,,,8.58,373.30,errors:,0,60.0110,10
TidesDB,oltp_point_select,4,10000,2315001,2315001,38581.74,0,0.10,0.07,,,0.17,4.49,errors:,0,60.0025,10
TidesDB,oltp_read_only_batched,4,10000,97890,1566240,22839.62,0,2.45,1.76,,,3.82,14.64,errors:,0,60.0036,10
TidesDB,oltp_write_only_batched,4,10000,143208,859248,0,9546.80,1.67,1.18,,,2.39,8.89,errors:,0,60.0025,10
TidesDB,oltp_read_write_batched,4,10000,52404,1056212,12326.97,3521.99,4.58,2.63,,,7.43,18.66,errors:,0,60.0024,10
TidesDB,oltp_insert,4,10000,1129263,1129263,0,18819.76,0.21,0.06,,,2.48,321.84,errors:,0,60.0041,10
