engine,workload,threads,table_size,tps,qps,reads_per_sec,writes_per_sec,latency_avg_ms,latency_min_ms,latency_p50_ms,latency_p95_ms,latency_p99_ms,latency_max_ms,errors,reconnects,total_time_s,warmup_s
InnoDB,oltp_point_select,1,10000,1971933,1971933,32864.12,0,0.03,0.02,,,0.06,3.93,errors:,0,60.0026,10
InnoDB,oltp_read_only_batched,1,10000,77929,1246864,18182.70,0,0.77,0.67,,,1.04,23.58,errors:,0,60.0024,10
InnoDB,oltp_write_only_batched,1,10000,47616,285696,0,3174.13,1.26,0.59,,,5.18,275.84,errors:,0,60.0050,10
InnoDB,oltp_read_write_batched,1,10000,32278,645560,7531.23,2151.78,1.86,1.43,,,4.74,397.68,errors:,0,60.0024,10
InnoDB,oltp_insert,1,10000,71314,71314,0,1188.51,0.84,0.60,,,4.03,159.63,errors:,0,60.0025,10
TidesDB,oltp_point_select,1,10000,746368,746368,12438.94,0,0.08,0.07,,,0.12,3.59,errors:,0,60.0025,10
TidesDB,oltp_read_only_batched,1,10000,30376,486016,7087.43,0,1.97,1.62,,,3.13,13.68,errors:,0,60.0025,10
TidesDB,oltp_write_only_batched,1,10000,124748,748488,0,8316.20,0.48,0.40,,,0.72,4.74,errors:,0,60.0024,10
TidesDB,oltp_read_write_batched,1,10000,24881,497620,5805.33,1658.66,2.41,2.04,,,3.07,7.17,errors:,0,60.0024,10
TidesDB,oltp_insert,1,10000,1136708,1136708,0,18944.31,0.05,0.03,,,0.14,120.67,errors:,0,60.0026,10
InnoDB,oltp_point_select,4,10000,6881438,6881438,114685.85,0,0.03,0.02,,,0.06,4.89,errors:,0,60.0025,10
InnoDB,oltp_read_only_batched,4,10000,271227,4339632,63283.76,0,0.88,0.73,,,1.32,6.23,errors:,0,60.0024,10
InnoDB,oltp_write_only_batched,4,10000,162998,977988,0,10866.04,1.47,0.76,,,5.37,73.79,errors:,0,60.0027,10
InnoDB,oltp_read_write_batched,4,10000,110429,2208580,25765.39,7361.54,2.17,1.48,,,6.32,54.67,errors:,0,60.0032,10
InnoDB,oltp_insert,4,10000,117899,117899,0,1964.89,2.03,0.66,,,8.58,1534.87,errors:,0,60.0028,10
TidesDB,oltp_point_select,4,10000,2277261,2277261,37952.70,0,0.11,0.07,,,0.18,5.38,errors:,0,60.0026,10
TidesDB,oltp_read_only_batched,4,10000,97304,1556864,22703.09,0,2.47,1.76,,,3.89,7.66,errors:,0,60.0031,10
TidesDB,oltp_write_only_batched,4,10000,139448,836688,0,9296.16,1.72,0.81,,,2.71,11.80,errors:,0,60.0024,10
TidesDB,oltp_read_write_batched,4,10000,50568,1018732,11889.23,3396.92,4.74,2.66,,,8.58,19.59,errors:,0,60.0025,10
TidesDB,oltp_insert,4,10000,1092274,1092274,0,18203.32,0.22,0.05,,,2.52,148.23,errors:,0,60.0041,10
