engine,test_name,operation,ops_per_sec,duration_sec,avg_latency_us,stddev_us,cv_percent,p50_us,p95_us,p99_us,min_us,max_us,peak_rss_mb,peak_vms_mb,disk_read_mb,disk_write_mb,cpu_user_sec,cpu_sys_sec,cpu_percent,db_size_mb,write_amp,read_amp,space_amp,workload,pattern,threads,num_operations,batch_size,key_size,value_size,range_size,sync_enabled
tidesdb,write_seq_10M_t8_b1000,PUT,3351772.55,2.983,2330.15,561.21,24.08,2275.00,2908.00,5245.00,901.00,10140.00,1465.88,2337.52,0.00,1246.36,25.435,2.135,691.5,110.57,1.13,0.00,0.10,write,seq,8,10000000,1000,16,100,100,0
tidesdb,write_seq_10M_t8_b1000,ITER,10006384.07,0.999,,,,,,,,1465.88,2337.52,0.00,1246.36,25.435,2.135,691.5,110.57,1.13,0.00,0.10,write,seq,8,10000000,1000,16,100,100,0
rocksdb,write_seq_10M_t8_b1000,PUT,771544.21,12.961,10365.12,888.27,8.57,10356.00,11844.00,12715.00,2842.00,16790.00,251.66,1295.17,0.00,1642.55,44.793,3.002,288.8,197.83,1.48,0.00,0.18,write,seq,8,10000000,1000,16,100,100,0
rocksdb,write_seq_10M_t8_b1000,ITER,2804181.48,3.566,,,,,,,,251.66,1295.17,0.00,1642.55,44.793,3.002,288.8,197.83,1.48,0.00,0.18,write,seq,8,10000000,1000,16,100,100,0
tidesdb,write_random_10M_t8_b1000,PUT,1747201.90,5.723,4188.51,825.82,19.72,4143.00,5491.00,6007.00,1052.00,8024.00,2031.24,2607.30,0.00,1200.54,46.808,2.936,577.0,89.12,1.09,0.00,0.08,write,random,8,10000000,1000,16,100,100,0
tidesdb,write_random_10M_t8_b1000,ITER,3455537.26,2.894,,,,,,,,2031.24,2607.30,0.00,1200.54,46.808,2.936,577.0,89.12,1.09,0.00,0.08,write,random,8,10000000,1000,16,100,100,0
rocksdb,write_random_10M_t8_b1000,PUT,692780.14,14.435,11542.41,801.64,6.95,11599.00,12597.00,13266.00,2151.00,20595.00,344.92,1360.20,0.00,1480.92,53.255,3.299,303.5,130.69,1.34,0.00,0.12,write,random,8,10000000,1000,16,100,100,0
rocksdb,write_random_10M_t8_b1000,ITER,2382459.00,4.197,,,,,,,,344.92,1360.20,0.00,1480.92,53.255,3.299,303.5,130.69,1.34,0.00,0.12,write,random,8,10000000,1000,16,100,100,0
tidesdb,read_random_10M_t8_populate,PUT,1708904.52,5.852,4407.69,860.83,19.53,4457.00,5736.00,6511.00,1031.00,9872.00,1962.70,2412.01,0.00,1199.93,49.271,2.731,592.8,88.12,1.08,0.00,0.08,write,random,8,10000000,1000,16,100,100,0
tidesdb,read_random_10M_t8_populate,ITER,3426928.46,2.918,,,,,,,,1962.70,2412.01,0.00,1199.93,49.271,2.731,592.8,88.12,1.08,0.00,0.08,write,random,8,10000000,1000,16,100,100,0
tidesdb,read_random_10M_t8,GET,1516536.39,6.594,4.79,8.62,180.08,4.00,6.00,8.00,1.00,1539.00,1730.77,2025.71,0.00,0.00,45.640,7.708,630.8,88.12,0.00,0.00,0.00,read,random,8,10000000,1,16,100,100,0
tidesdb,read_random_10M_t8,ITER,12060063.94,0.829,,,,,,,,1730.77,2025.71,0.00,0.00,45.640,7.708,630.8,88.12,0.00,0.00,0.00,read,random,8,10000000,1,16,100,100,0
rocksdb,read_random_10M_t8_populate,PUT,692919.30,14.432,11540.36,927.79,8.04,11663.00,12713.00,13348.00,2275.00,22125.00,336.40,1370.53,0.00,1481.55,52.565,3.416,300.8,130.51,1.34,0.00,0.12,write,random,8,10000000,1000,16,100,100,0
rocksdb,read_random_10M_t8_populate,ITER,2394932.51,4.175,,,,,,,,336.40,1370.53,0.00,1481.55,52.565,3.416,300.8,130.51,1.34,0.00,0.12,write,random,8,10000000,1000,16,100,100,0
rocksdb,read_random_10M_t8,GET,809421.54,12.355,9.06,4.94,54.54,8.00,17.00,24.00,2.00,752.00,350.47,1440.99,0.00,85.93,90.091,14.932,636.7,86.11,0.00,0.00,0.00,read,random,8,10000000,1,16,100,100,0
rocksdb,read_random_10M_t8,ITER,3360208.28,2.976,,,,,,,,350.47,1440.99,0.00,85.93,90.091,14.932,636.7,86.11,0.00,0.00,0.00,read,random,8,10000000,1,16,100,100,0
tidesdb,mixed_random_5M_t8_b1000,PUT,1948007.68,2.567,3881.57,737.12,18.99,3809.00,5055.00,5425.00,1080.00,8469.00,1575.55,2063.09,0.00,602.07,61.297,20.362,610.5,43.75,1.09,0.00,0.08,mixed,random,8,5000000,1000,16,100,100,0
tidesdb,mixed_random_5M_t8_b1000,GET,584534.09,8.554,11.27,182.92,1622.81,5.00,14.00,17.00,0.00,103722.00,1575.55,2063.09,0.00,602.07,61.297,20.362,610.5,43.75,1.09,0.00,0.08,mixed,random,8,5000000,1000,16,100,100,0
tidesdb,mixed_random_5M_t8_b1000,ITER,2916370.17,1.714,,,,,,,,1575.55,2063.09,0.00,602.07,61.297,20.362,610.5,43.75,1.09,0.00,0.08,mixed,random,8,5000000,1000,16,100,100,0
rocksdb,mixed_random_5M_t8_b1000,PUT,685076.22,7.298,11668.38,784.76,6.73,11711.00,12824.00,13071.00,2527.00,15428.00,296.61,1294.32,0.00,691.50,65.613,7.413,457.4,74.22,1.25,0.00,0.13,mixed,random,8,5000000,1000,16,100,100,0
rocksdb,mixed_random_5M_t8_b1000,GET,804177.86,6.218,9.18,4.81,52.42,9.00,17.00,24.00,0.00,596.00,296.61,1294.32,0.00,691.50,65.613,7.413,457.4,74.22,1.25,0.00,0.13,mixed,random,8,5000000,1000,16,100,100,0
rocksdb,mixed_random_5M_t8_b1000,ITER,2673452.24,1.870,,,,,,,,296.61,1294.32,0.00,691.50,65.613,7.413,457.4,74.22,1.25,0.00,0.13,mixed,random,8,5000000,1000,16,100,100,0
tidesdb,write_zipfian_5M_t8_b1000,PUT,1254374.63,3.986,6224.90,2849.56,45.78,6200.00,8795.00,9294.00,2740.00,168990.00,758.11,1117.52,0.00,576.93,21.090,8.547,709.2,10.17,1.04,0.00,0.02,write,zipfian,8,5000000,1000,16,100,100,0
tidesdb,write_zipfian_5M_t8_b1000,ITER,3421326.30,0.192,,,,,,,,758.11,1117.52,0.00,576.93,21.090,8.547,709.2,10.17,1.04,0.00,0.02,write,zipfian,8,5000000,1000,16,100,100,0
rocksdb,write_zipfian_5M_t8_b1000,PUT,579375.48,8.630,13705.77,2437.93,17.79,14013.00,15572.00,15850.00,3929.00,143357.00,177.14,1295.24,0.00,680.35,24.640,2.256,291.5,62.92,1.23,0.00,0.11,write,zipfian,8,5000000,1000,16,100,100,0
rocksdb,write_zipfian_5M_t8_b1000,ITER,1102389.96,0.596,,,,,,,,177.14,1295.24,0.00,680.35,24.640,2.256,291.5,62.92,1.23,0.00,0.11,write,zipfian,8,5000000,1000,16,100,100,0
tidesdb,mixed_zipfian_5M_t8_b1000,PUT,1283354.05,3.896,6060.88,2968.21,48.97,5969.00,8746.00,9287.00,2622.00,178642.00,794.35,1155.68,0.00,576.93,42.411,19.334,685.4,10.17,1.04,0.00,0.02,mixed,zipfian,8,5000000,1000,16,100,100,0
tidesdb,mixed_zipfian_5M_t8_b1000,GET,1135544.24,4.403,3.07,1.35,43.89,3.00,5.00,6.00,0.00,65.00,794.35,1155.68,0.00,576.93,42.411,19.334,685.4,10.17,1.04,0.00,0.02,mixed,zipfian,8,5000000,1000,16,100,100,0
tidesdb,mixed_zipfian_5M_t8_b1000,ITER,3830536.16,0.171,,,,,,,,794.35,1155.68,0.00,576.93,42.411,19.334,685.4,10.17,1.04,0.00,0.02,mixed,zipfian,8,5000000,1000,16,100,100,0
rocksdb,mixed_zipfian_5M_t8_b1000,PUT,582445.44,8.584,13667.74,2533.46,18.54,14143.00,15559.00,15969.00,2252.00,144344.00,214.71,1294.06,0.00,681.35,59.259,9.243,445.5,54.00,1.23,0.00,0.10,mixed,zipfian,8,5000000,1000,16,100,100,0
rocksdb,mixed_zipfian_5M_t8_b1000,GET,886939.51,5.637,6.64,4.45,66.95,6.00,14.00,18.00,0.00,565.00,214.71,1294.06,0.00,681.35,59.259,9.243,445.5,54.00,1.23,0.00,0.10,mixed,zipfian,8,5000000,1000,16,100,100,0
rocksdb,mixed_zipfian_5M_t8_b1000,ITER,1210054.34,0.543,,,,,,,,214.71,1294.06,0.00,681.35,59.259,9.243,445.5,54.00,1.23,0.00,0.10,mixed,zipfian,8,5000000,1000,16,100,100,0
tidesdb,delete_random_5M_t8_b1000_populate,PUT,1903856.76,2.626,3941.22,829.31,21.04,3785.00,5426.00,6084.00,1042.00,12843.00,1041.66,1297.59,0.00,602.61,21.805,1.440,590.0,43.81,1.09,0.00,0.08,write,random,8,5000000,1000,16,100,100,0
tidesdb,delete_random_5M_t8_b1000_populate,ITER,3810667.74,1.312,,,,,,,,1041.66,1297.59,0.00,602.61,21.805,1.440,590.0,43.81,1.09,0.00,0.08,write,random,8,5000000,1000,16,100,100,0
tidesdb,delete_random_5M_t8_b1000,DELETE,2281041.67,2.192,3434.87,379.40,11.05,3541.00,3885.00,3976.00,2030.00,4731.00,752.68,1127.18,0.00,100.21,17.713,0.915,499.7,46.54,0.18,0.00,0.00,delete,random,8,5000000,1000,16,100,100,0
rocksdb,delete_random_5M_t8_b1000_populate,PUT,682556.02,7.325,11710.42,837.94,7.16,11757.00,12852.00,13369.00,3136.00,22179.00,216.30,1295.37,0.00,689.69,23.723,1.582,265.2,82.87,1.25,0.00,0.15,write,random,8,5000000,1000,16,100,100,0
rocksdb,delete_random_5M_t8_b1000_populate,ITER,2262825.35,2.210,,,,,,,,216.30,1295.37,0.00,689.69,23.723,1.582,265.2,82.87,1.25,0.00,0.15,write,random,8,5000000,1000,16,100,100,0
rocksdb,delete_random_5M_t8_b1000,DELETE,1624598.24,3.078,4906.35,743.15,15.15,5027.00,5995.00,6166.00,1175.00,6358.00,198.75,1296.00,0.00,156.14,19.184,0.809,341.1,65.43,0.28,0.00,0.00,delete,random,8,5000000,1000,16,100,100,0
tidesdb,write_large_values_1M_k256_v4096_t8_b1000,PUT,275732.15,3.627,28819.52,12210.54,42.37,25903.00,43771.00,67106.00,20120.00,141838.00,3113.03,3629.66,0.00,4337.57,22.767,10.876,688.2,1150.27,1.05,0.00,0.28,write,random,8,1000000,1000,256,4096,100,0
tidesdb,write_large_values_1M_k256_v4096_t8_b1000,ITER,793596.00,1.260,,,,,,,,3113.03,3629.66,0.00,4337.57,22.767,10.876,688.2,1150.27,1.05,0.00,0.28,write,random,8,1000000,1000,256,4096,100,0
rocksdb,write_large_values_1M_k256_v4096_t8_b1000,PUT,77140.61,12.963,103027.78,7548.10,7.33,104585.00,109760.00,112986.00,31387.00,150387.00,1055.30,1632.21,0.00,5389.45,57.295,11.345,377.9,344.85,1.30,0.00,0.08,write,random,8,1000000,1000,256,4096,100,0
rocksdb,write_large_values_1M_k256_v4096_t8_b1000,ITER,193623.93,5.165,,,,,,,,1055.30,1632.21,0.00,5389.45,57.295,11.345,377.9,344.85,1.30,0.00,0.08,write,random,8,1000000,1000,256,4096,100,0
tidesdb,write_small_values_50M_k16_v64_t8_b1000,PUT,1320406.59,37.867,5566.52,1400.67,25.16,5454.00,7919.00,8896.00,1183.00,14736.00,6676.28,8428.27,0.00,4779.84,339.917,9.776,701.2,528.08,1.25,0.00,0.14,write,random,8,50000000,1000,16,64,100,0
tidesdb,write_small_values_50M_k16_v64_t8_b1000,ITER,4173949.86,11.979,,,,,,,,6676.28,8428.27,0.00,4779.84,339.917,9.776,701.2,528.08,1.25,0.00,0.14,write,random,8,50000000,1000,16,64,100,0
rocksdb,write_small_values_50M_k16_v64_t8_b1000,PUT,757484.14,66.008,10560.02,852.14,8.07,10628.00,11808.00,12315.00,2143.00,16852.00,668.46,1551.46,0.00,6104.58,277.218,12.915,334.6,485.14,1.60,0.00,0.13,write,random,8,50000000,1000,16,64,100,0
rocksdb,write_small_values_50M_k16_v64_t8_b1000,ITER,2416477.59,20.691,,,,,,,,668.46,1551.46,0.00,6104.58,277.218,12.915,334.6,485.14,1.60,0.00,0.13,write,random,8,50000000,1000,16,64,100,0
tidesdb,batch_1_10M_t8,PUT,138696.60,72.100,56.92,28.43,49.94,58.00,65.00,70.00,4.00,28111.00,411.79,1066.64,0.00,1552.53,55.646,535.374,792.5,107.75,1.40,0.00,0.10,write,random,8,10000000,1,16,100,100,0
tidesdb,batch_1_10M_t8,ITER,8342454.42,1.199,,,,,,,,411.79,1066.64,0.00,1552.53,55.646,535.374,792.5,107.75,1.40,0.00,0.10,write,random,8,10000000,1,16,100,100,0
rocksdb,batch_1_10M_t8,PUT,323770.70,30.886,23.85,3.31,13.87,24.00,28.00,31.00,7.00,2225.00,445.38,1423.62,0.00,1590.60,133.863,141.577,765.4,104.97,1.44,0.00,0.09,write,random,8,10000000,1,16,100,100,0
rocksdb,batch_1_10M_t8,ITER,2547768.10,3.925,,,,,,,,445.38,1423.62,0.00,1590.60,133.863,141.577,765.4,104.97,1.44,0.00,0.09,write,random,8,10000000,1,16,100,100,0
tidesdb,batch_10_10M_t8,PUT,1097677.13,9.110,71.63,17.30,24.16,71.00,98.00,115.00,15.00,3503.00,1126.41,2079.26,0.00,1314.32,47.171,37.105,749.9,105.94,1.19,0.00,0.10,write,random,8,10000000,10,16,100,100,0
tidesdb,batch_10_10M_t8,ITER,4974560.10,2.010,,,,,,,,1126.41,2079.26,0.00,1314.32,47.171,37.105,749.9,105.94,1.19,0.00,0.10,write,random,8,10000000,10,16,100,100,0
rocksdb,batch_10_10M_t8,PUT,1214476.41,8.234,65.64,32.08,48.88,65.00,74.00,81.00,20.00,5414.00,309.93,1295.37,0.00,1471.59,52.136,33.703,670.1,117.72,1.33,0.00,0.11,write,random,8,10000000,10,16,100,100,0
rocksdb,batch_10_10M_t8,ITER,2268190.38,4.409,,,,,,,,309.93,1295.37,0.00,1471.59,52.136,33.703,670.1,117.72,1.33,0.00,0.11,write,random,8,10000000,10,16,100,100,0
tidesdb,batch_100_10M_t8,PUT,1872455.80,5.341,411.64,119.42,29.01,409.00,543.00,588.00,109.00,7820.00,1934.26,2403.80,0.00,1215.00,44.456,3.997,599.4,99.80,1.10,0.00,0.09,write,random,8,10000000,100,16,100,100,0
tidesdb,batch_100_10M_t8,ITER,3677868.72,2.719,,,,,,,,1934.26,2403.80,0.00,1215.00,44.456,3.997,599.4,99.80,1.10,0.00,0.09,write,random,8,10000000,100,16,100,100,0
rocksdb,batch_100_10M_t8,PUT,1098845.19,9.100,727.60,119.16,16.38,732.00,835.00,918.00,155.00,7528.00,302.21,1359.59,0.00,1469.82,51.497,6.216,430.6,112.90,1.33,0.00,0.10,write,random,8,10000000,100,16,100,100,0
rocksdb,batch_100_10M_t8,ITER,2340765.34,4.272,,,,,,,,302.21,1359.59,0.00,1469.82,51.497,6.216,430.6,112.90,1.33,0.00,0.10,write,random,8,10000000,100,16,100,100,0
tidesdb,batch_1000_10M_t8,PUT,1746505.24,5.726,4286.65,813.24,18.97,4323.00,5616.00,6248.00,1059.00,7286.00,1962.45,2412.25,0.00,1200.01,47.900,2.770,586.2,88.38,1.08,0.00,0.08,write,random,8,10000000,1000,16,100,100,0
tidesdb,batch_1000_10M_t8,ITER,3431567.68,2.914,,,,,,,,1962.45,2412.25,0.00,1200.01,47.900,2.770,586.2,88.38,1.08,0.00,0.08,write,random,8,10000000,1000,16,100,100,0
rocksdb,batch_1000_10M_t8,PUT,684709.21,14.605,11678.58,744.00,6.37,11778.00,12629.00,12967.00,2069.00,16446.00,336.55,1360.20,0.00,1481.27,53.313,3.251,302.1,128.85,1.34,0.00,0.12,write,random,8,10000000,1000,16,100,100,0
rocksdb,batch_1000_10M_t8,ITER,2427945.26,4.119,,,,,,,,336.55,1360.20,0.00,1481.27,53.313,3.251,302.1,128.85,1.34,0.00,0.12,write,random,8,10000000,1000,16,100,100,0
tidesdb,batch_10000_10M_t8,PUT,1318226.46,7.586,58382.69,12965.25,22.21,57400.00,77948.00,86721.00,19262.00,92704.00,1549.16,2086.79,0.00,1210.66,65.413,2.762,688.2,77.52,1.09,0.00,0.07,write,random,8,10000000,10000,16,100,100,0
tidesdb,batch_10000_10M_t8,ITER,4311043.51,2.320,,,,,,,,1549.16,2086.79,0.00,1210.66,65.413,2.762,688.2,77.52,1.09,0.00,0.07,write,random,8,10000000,10000,16,100,100,0
rocksdb,batch_10000_10M_t8,PUT,453167.70,22.067,175902.57,14274.96,8.12,178554.00,191942.00,198860.00,19411.00,201371.00,301.11,1296.14,0.00,1485.29,49.529,3.027,204.4,120.78,1.34,0.00,0.11,write,random,8,10000000,10000,16,100,100,0
rocksdb,batch_10000_10M_t8,ITER,2742121.82,3.647,,,,,,,,301.11,1296.14,0.00,1485.29,49.529,3.027,204.4,120.78,1.34,0.00,0.11,write,random,8,10000000,10000,16,100,100,0
tidesdb,delete_batch_1_5M_t8_populate,PUT,138542.69,36.090,56.99,31.24,54.81,58.00,65.00,69.00,4.00,24438.00,395.96,870.97,0.00,739.73,23.816,269.753,781.2,54.22,1.34,0.00,0.10,write,random,8,5000000,1,16,100,100,0
tidesdb,delete_batch_1_5M_t8_populate,ITER,5609317.75,0.891,,,,,,,,395.96,870.97,0.00,739.73,23.816,269.753,781.2,54.22,1.34,0.00,0.10,write,random,8,5000000,1,16,100,100,0
tidesdb,delete_batch_1_5M_t8,DELETE,142754.45,35.025,55.56,8.00,14.40,56.00,63.00,68.00,4.00,1899.00,749.51,1125.50,0.00,185.98,19.513,262.146,760.7,54.22,0.34,0.00,0.00,delete,random,8,5000000,1,16,100,100,0
rocksdb,delete_batch_1_5M_t8_populate,PUT,325039.41,15.383,23.77,21.42,90.10,23.00,28.00,32.00,5.00,15728.00,241.58,1296.53,0.00,714.52,62.426,68.885,736.6,81.12,1.29,0.00,0.15,write,random,8,5000000,1,16,100,100,0
rocksdb,delete_batch_1_5M_t8_populate,ITER,2692635.16,1.857,,,,,,,,241.58,1296.53,0.00,714.52,62.426,68.885,736.6,81.12,1.29,0.00,0.15,write,random,8,5000000,1,16,100,100,0
rocksdb,delete_batch_1_5M_t8,DELETE,375444.49,13.318,20.77,3.10,14.95,21.00,24.00,27.00,4.00,1394.00,198.73,1295.67,0.00,181.37,55.545,57.728,734.2,69.41,0.33,0.00,0.00,delete,random,8,5000000,1,16,100,100,0
tidesdb,delete_batch_100_5M_t8_populate,PUT,2128800.07,2.349,360.94,68.93,19.10,355.00,468.00,508.00,106.00,8208.00,1045.36,1295.62,0.00,610.17,19.360,1.901,593.7,50.42,1.10,0.00,0.09,write,random,8,5000000,100,16,100,100,0
tidesdb,delete_batch_100_5M_t8_populate,ITER,4098451.36,1.220,,,,,,,,1045.36,1295.62,0.00,610.17,19.360,1.901,593.7,50.42,1.10,0.00,0.09,write,random,8,5000000,100,16,100,100,0
tidesdb,delete_batch_100_5M_t8,DELETE,2234379.23,2.238,345.35,464.72,134.56,345.00,396.00,417.00,175.00,51780.00,751.21,1127.28,0.00,105.67,17.524,1.184,498.8,52.20,0.19,0.00,0.00,delete,random,8,5000000,100,16,100,100,0
rocksdb,delete_batch_100_5M_t8_populate,PUT,1064287.88,4.698,750.97,127.90,17.03,756.00,864.00,904.00,171.00,5562.00,198.69,1295.34,0.00,693.59,24.715,3.090,406.2,76.88,1.25,0.00,0.14,write,random,8,5000000,100,16,100,100,0
rocksdb,delete_batch_100_5M_t8_populate,ITER,2343090.27,2.134,,,,,,,,198.69,1295.34,0.00,693.59,24.715,3.090,406.2,76.88,1.25,0.00,0.14,write,random,8,5000000,100,16,100,100,0
rocksdb,delete_batch_100_5M_t8,DELETE,1411771.75,3.542,566.19,65.86,11.63,566.00,655.00,678.00,115.00,3395.00,179.95,1296.05,0.00,160.18,19.633,2.635,355.6,67.35,0.29,0.00,0.00,delete,random,8,5000000,100,16,100,100,0
tidesdb,delete_batch_1000_5M_t8_populate,PUT,1949387.66,2.565,3823.86,746.89,19.53,3722.00,5019.00,5952.00,1483.00,7560.00,1045.44,1296.79,0.00,602.51,21.154,1.439,580.3,43.74,1.09,0.00,0.08,write,random,8,5000000,1000,16,100,100,0
tidesdb,delete_batch_1000_5M_t8_populate,ITER,3767727.16,1.327,,,,,,,,1045.44,1296.79,0.00,602.51,21.154,1.439,580.3,43.74,1.09,0.00,0.08,write,random,8,5000000,1000,16,100,100,0
tidesdb,delete_batch_1000_5M_t8,DELETE,2232153.82,2.240,3335.27,416.53,12.49,3295.00,3944.00,4274.00,2058.00,7245.00,752.72,1127.20,0.00,100.21,17.240,0.855,484.1,47.51,0.18,0.00,0.00,delete,random,8,5000000,1000,16,100,100,0
rocksdb,delete_batch_1000_5M_t8_populate,PUT,710040.69,7.042,11256.41,821.91,7.30,11261.00,12534.00,12903.00,2303.00,13850.00,200.56,1295.37,0.00,688.91,22.334,1.640,259.5,85.56,1.25,0.00,0.15,write,random,8,5000000,1000,16,100,100,0
rocksdb,delete_batch_1000_5M_t8_populate,ITER,2285073.94,2.188,,,,,,,,200.56,1295.37,0.00,688.91,22.334,1.640,259.5,85.56,1.25,0.00,0.15,write,random,8,5000000,1000,16,100,100,0
rocksdb,delete_batch_1000_5M_t8,DELETE,1613685.08,3.098,4941.44,464.16,9.39,4975.00,5542.00,5700.00,1791.00,8507.00,177.75,1296.17,0.00,157.63,19.107,0.792,338.9,66.12,0.28,0.00,0.00,delete,random,8,5000000,1000,16,100,100,0
tidesdb,seek_random_5M_t8_populate,PUT,1960129.40,2.551,3929.16,723.65,18.42,3872.00,5124.00,5346.00,1078.00,6590.00,1044.42,1291.96,0.00,601.56,21.676,1.382,595.9,43.50,1.09,0.00,0.08,write,random,8,5000000,1000,16,100,100,0
tidesdb,seek_random_5M_t8_populate,ITER,3796538.92,1.317,,,,,,,,1044.42,1291.96,0.00,601.56,21.676,1.382,595.9,43.50,1.09,0.00,0.08,write,random,8,5000000,1000,16,100,100,0
tidesdb,seek_random_5M_t8,SEEK,869946.48,5.747,8.31,15.90,191.27,8.00,10.00,11.00,2.00,2244.00,886.71,1188.70,0.00,0.00,42.722,1.005,645.0,43.50,0.00,0.00,0.00,seek,random,8,5000000,1,16,100,100,0
tidesdb,seek_random_5M_t8,ITER,9614737.47,0.520,,,,,,,,886.71,1188.70,0.00,0.00,42.722,1.005,645.0,43.50,0.00,0.00,0.00,seek,random,8,5000000,1,16,100,100,0
rocksdb,seek_random_5M_t8_populate,PUT,691969.60,7.226,11550.43,864.93,7.49,11525.00,12809.00,13335.00,2664.00,21646.00,218.53,1295.37,0.00,689.94,22.965,1.680,260.8,81.86,1.25,0.00,0.15,write,random,8,5000000,1000,16,100,100,0
rocksdb,seek_random_5M_t8_populate,ITER,2254182.52,2.218,,,,,,,,218.53,1295.37,0.00,689.94,22.965,1.680,260.8,81.86,1.25,0.00,0.15,write,random,8,5000000,1000,16,100,100,0
rocksdb,seek_random_5M_t8,SEEK,418892.17,11.936,18.13,7.85,43.32,17.00,29.00,36.00,6.00,725.00,222.99,1304.18,0.00,0.00,83.462,10.280,652.5,52.97,0.00,0.00,0.00,seek,random,8,5000000,1,16,100,100,0
rocksdb,seek_random_5M_t8,ITER,2729466.23,1.832,,,,,,,,222.99,1304.18,0.00,0.00,83.462,10.280,652.5,52.97,0.00,0.00,0.00,seek,random,8,5000000,1,16,100,100,0
tidesdb,seek_seq_5M_t8_populate,PUT,3350831.37,1.492,2315.34,510.09,22.03,2269.00,2958.00,3828.00,931.00,9906.00,1036.96,1326.36,0.00,617.97,12.279,1.136,628.9,55.27,1.12,0.00,0.10,write,seq,8,5000000,1000,16,100,100,0
tidesdb,seek_seq_5M_t8_populate,ITER,7831270.58,0.638,,,,,,,,1036.96,1326.36,0.00,617.97,12.279,1.136,628.9,55.27,1.12,0.00,0.10,write,seq,8,5000000,1000,16,100,100,0
tidesdb,seek_seq_5M_t8,SEEK,3864871.72,1.294,1.72,4.19,244.19,2.00,2.00,3.00,0.00,381.00,878.14,1123.85,0.00,0.00,10.459,0.516,503.9,55.27,0.00,0.00,0.00,seek,seq,8,5000000,1,16,100,100,0
tidesdb,seek_seq_5M_t8,ITER,11989832.62,0.417,,,,,,,,878.14,1123.85,0.00,0.00,10.459,0.516,503.9,55.27,0.00,0.00,0.00,seek,seq,8,5000000,1,16,100,100,0
rocksdb,seek_seq_5M_t8_populate,PUT,773042.34,6.468,10342.25,696.00,6.73,10384.00,11424.00,12120.00,2571.00,13625.00,187.55,1295.24,0.00,763.17,21.218,1.506,273.8,121.96,1.38,0.00,0.22,write,seq,8,5000000,1000,16,100,100,0
rocksdb,seek_seq_5M_t8_populate,ITER,2745252.63,1.821,,,,,,,,187.55,1295.24,0.00,763.17,21.218,1.506,273.8,121.96,1.38,0.00,0.22,write,seq,8,5000000,1000,16,100,100,0
rocksdb,seek_seq_5M_t8,SEEK,1565156.85,3.195,4.36,1.89,43.35,4.00,6.00,12.00,1.00,727.00,174.65,1303.70,0.00,0.00,24.830,0.420,468.2,91.73,0.00,0.00,0.00,seek,seq,8,5000000,1,16,100,100,0
rocksdb,seek_seq_5M_t8,ITER,2862647.32,1.747,,,,,,,,174.65,1303.70,0.00,0.00,24.830,0.420,468.2,91.73,0.00,0.00,0.00,seek,seq,8,5000000,1,16,100,100,0
tidesdb,seek_zipfian_5M_t8_populate,PUT,1255177.29,3.984,5916.27,8846.21,149.52,5272.00,8552.00,8981.00,2659.00,383723.00,742.91,1117.52,0.00,576.93,21.384,6.922,677.8,10.21,1.04,0.00,0.02,write,zipfian,8,5000000,1000,16,100,100,0
tidesdb,seek_zipfian_5M_t8_populate,ITER,3444822.65,0.191,,,,,,,,742.91,1117.52,0.00,576.93,21.384,6.922,677.8,10.21,1.04,0.00,0.02,write,zipfian,8,5000000,1000,16,100,100,0
tidesdb,seek_zipfian_5M_t8,SEEK,1127966.69,4.433,2.89,3.35,115.88,3.00,4.00,6.00,0.00,599.00,146.23,606.71,0.00,0.00,21.645,11.287,659.7,10.21,0.00,0.00,0.00,seek,zipfian,8,5000000,1,16,100,100,0
tidesdb,seek_zipfian_5M_t8,ITER,11290257.90,0.058,,,,,,,,146.23,606.71,0.00,0.00,21.645,11.287,659.7,10.21,0.00,0.00,0.00,seek,zipfian,8,5000000,1,16,100,100,0
rocksdb,seek_zipfian_5M_t8_populate,PUT,574115.23,8.709,13851.95,2242.96,16.19,14185.00,15562.00,15877.00,3973.00,135624.00,156.30,1295.24,0.00,680.41,25.064,2.173,292.4,64.64,1.23,0.00,0.12,write,zipfian,8,5000000,1000,16,100,100,0
rocksdb,seek_zipfian_5M_t8_populate,ITER,1088793.40,0.603,,,,,,,,156.30,1295.24,0.00,680.41,25.064,2.173,292.4,64.64,1.23,0.00,0.12,write,zipfian,8,5000000,1000,16,100,100,0
rocksdb,seek_zipfian_5M_t8,SEEK,304602.49,16.415,23.60,12.35,52.33,24.00,43.00,51.00,2.00,663.00,225.30,1296.99,0.00,0.00,101.838,19.954,693.0,37.83,0.00,0.00,0.00,seek,zipfian,8,5000000,1,16,100,100,0
rocksdb,seek_zipfian_5M_t8,ITER,1217113.32,0.540,,,,,,,,225.30,1296.99,0.00,0.00,101.838,19.954,693.0,37.83,0.00,0.00,0.00,seek,zipfian,8,5000000,1,16,100,100,0
tidesdb,range_random_100_1M_t8_populate,PUT,2418935.43,0.413,3131.74,615.99,19.67,3111.00,4166.00,5254.00,1063.00,11355.00,267.42,698.68,0.00,122.04,3.313,0.351,561.2,9.04,1.10,0.00,0.08,write,random,8,1000000,1000,16,100,100,0
tidesdb,range_random_100_1M_t8_populate,ITER,4183855.34,0.239,,,,,,,,267.42,698.68,0.00,122.04,3.313,0.351,561.2,9.04,1.10,0.00,0.08,write,random,8,1000000,1000,16,100,100,0
tidesdb,range_random_100_1M_t8,RANGE,386431.17,2.588,18.38,19.97,108.63,15.00,47.00,54.00,7.00,1595.00,215.50,607.62,0.00,0.00,18.283,0.602,668.1,9.04,0.00,0.00,0.00,range,random,8,1000000,1,16,100,100,0
tidesdb,range_random_100_1M_t8,ITER,9859307.68,0.101,,,,,,,,215.50,607.62,0.00,0.00,18.283,0.602,668.1,9.04,0.00,0.00,0.00,range,random,8,1000000,1,16,100,100,0
rocksdb,range_random_100_1M_t8_populate,PUT,682369.82,1.465,11675.66,948.78,8.13,11716.00,12865.00,13301.00,2395.00,16626.00,99.32,1286.21,0.00,126.79,3.790,0.411,220.2,19.29,1.15,0.00,0.17,write,random,8,1000000,1000,16,100,100,0
rocksdb,range_random_100_1M_t8_populate,ITER,2292599.95,0.436,,,,,,,,99.32,1286.21,0.00,126.79,3.790,0.411,220.2,19.29,1.15,0.00,0.17,write,random,8,1000000,1000,16,100,100,0
rocksdb,range_random_100_1M_t8,RANGE,176136.65,5.677,43.45,13.23,30.45,41.00,52.00,59.00,5.00,663.00,165.47,1294.62,0.00,0.00,43.362,0.917,710.2,14.12,0.00,0.00,0.00,range,random,8,1000000,1,16,100,100,0
rocksdb,range_random_100_1M_t8,ITER,2458657.67,0.407,,,,,,,,165.47,1294.62,0.00,0.00,43.362,0.917,710.2,14.12,0.00,0.00,0.00,range,random,8,1000000,1,16,100,100,0
tidesdb,range_random_1000_500K_t8_populate,PUT,2338732.69,0.214,3162.99,641.52,20.28,3077.00,4389.00,5252.00,933.00,6375.00,148.27,605.52,0.00,57.58,1.574,0.135,507.4,4.58,1.04,0.00,0.08,write,random,8,500000,1000,16,100,100,0
tidesdb,range_random_1000_500K_t8_populate,ITER,4081466.06,0.123,,,,,,,,148.27,605.52,0.00,57.58,1.574,0.135,507.4,4.58,1.04,0.00,0.08,write,random,8,500000,1000,16,100,100,0
tidesdb,range_random_1000_500K_t8,RANGE,75199.20,6.649,100.18,15.90,15.87,101.00,110.00,126.00,3.00,1106.00,121.16,606.52,0.00,0.00,48.417,1.999,742.4,4.58,0.00,0.00,0.00,range,random,8,500000,1,16,100,1000,0
tidesdb,range_random_1000_500K_t8,ITER,10261040.88,0.049,,,,,,,,121.16,606.52,0.00,0.00,48.417,1.999,742.4,4.58,0.00,0.00,0.00,range,random,8,500000,1,16,100,1000,0
rocksdb,range_random_1000_500K_t8_populate,PUT,692805.77,0.722,11407.63,1277.78,11.20,11843.00,12663.00,12736.00,2245.00,12778.00,25.02,1237.85,0.00,63.71,1.774,0.142,207.8,10.27,1.15,0.00,0.19,write,random,8,500000,1000,16,100,100,0
rocksdb,range_random_1000_500K_t8_populate,ITER,2601483.89,0.192,,,,,,,,25.02,1237.85,0.00,63.71,1.774,0.142,207.8,10.27,1.15,0.00,0.19,write,random,8,500000,1000,16,100,100,0
rocksdb,range_random_1000_500K_t8,RANGE,27121.80,18.435,292.82,32.89,11.23,292.00,298.00,302.00,4.00,2422.00,76.04,1233.75,0.00,0.00,146.522,0.171,787.8,7.48,0.00,0.00,0.00,range,random,8,500000,1,16,100,1000,0
rocksdb,range_random_1000_500K_t8,ITER,3709363.92,0.135,,,,,,,,76.04,1233.75,0.00,0.00,146.522,0.171,787.8,7.48,0.00,0.00,0.00,range,random,8,500000,1,16,100,1000,0
tidesdb,range_seq_100_1M_t8_populate,PUT,3245562.50,0.308,2350.09,674.15,28.69,2246.00,3630.00,4874.00,896.00,9697.00,266.91,699.15,0.00,119.82,2.325,0.244,656.6,11.04,1.08,0.00,0.10,write,seq,8,1000000,1000,16,100,100,0
tidesdb,range_seq_100_1M_t8_populate,ITER,12072774.69,0.083,,,,,,,,266.91,699.15,0.00,119.82,2.325,0.244,656.6,11.04,1.08,0.00,0.10,write,seq,8,1000000,1000,16,100,100,0
tidesdb,range_seq_100_1M_t8,RANGE,628843.41,1.590,11.95,9.79,81.91,9.00,37.00,39.00,3.00,1229.00,203.35,607.54,0.00,0.00,12.084,0.391,691.5,11.04,0.00,0.00,0.00,range,seq,8,1000000,1,16,100,100,0
tidesdb,range_seq_100_1M_t8,ITER,10863070.99,0.092,,,,,,,,203.35,607.54,0.00,0.00,12.084,0.391,691.5,11.04,0.00,0.00,0.00,range,seq,8,1000000,1,16,100,100,0
rocksdb,range_seq_100_1M_t8_populate,PUT,793407.73,1.260,10054.49,1130.41,11.24,9946.00,11536.00,11970.00,1833.00,16976.00,108.92,1284.93,0.00,133.22,3.307,0.364,227.0,26.64,1.20,0.00,0.24,write,seq,8,1000000,1000,16,100,100,0
rocksdb,range_seq_100_1M_t8_populate,ITER,2841280.39,0.352,,,,,,,,108.92,1284.93,0.00,133.22,3.307,0.364,227.0,26.64,1.20,0.00,0.24,write,seq,8,1000000,1000,16,100,100,0
rocksdb,range_seq_100_1M_t8,RANGE,251461.18,3.977,31.18,3.98,12.77,31.00,33.00,41.00,3.00,1246.00,145.04,1296.00,0.00,0.00,31.844,0.134,715.6,21.03,0.00,0.00,0.00,range,seq,8,1000000,1,16,100,100,0
rocksdb,range_seq_100_1M_t8,ITER,2731546.36,0.366,,,,,,,,145.04,1296.00,0.00,0.00,31.844,0.134,715.6,21.03,0.00,0.00,0.00,range,seq,8,1000000,1,16,100,100,0
tidesdb,write_seq_40M_t16_b1000,PUT,3714366.69,10.769,3924.82,1179.03,30.04,3664.00,5844.00,6732.00,933.00,30462.00,7586.60,9498.60,0.00,4856.44,165.437,8.324,1207.3,1410.60,1.10,0.00,0.32,write,seq,16,40000000,1000,16,100,100,0
tidesdb,write_seq_40M_t16_b1000,ITER,11057778.83,3.617,,,,,,,,7586.60,9498.60,0.00,4856.44,165.437,8.324,1207.3,1410.60,1.10,0.00,0.32,write,seq,16,40000000,1000,16,100,100,0
rocksdb,write_seq_40M_t16_b1000,PUT,772430.91,51.785,20709.86,1362.64,6.58,20764.00,22850.00,23792.00,3652.00,29101.00,5019.45,7484.93,0.00,7852.28,218.729,16.153,344.7,799.06,1.77,0.00,0.18,write,seq,16,40000000,1000,16,100,100,0
rocksdb,write_seq_40M_t16_b1000,ITER,2453539.32,16.303,,,,,,,,5019.45,7484.93,0.00,7852.28,218.729,16.153,344.7,799.06,1.77,0.00,0.18,write,seq,16,40000000,1000,16,100,100,0
tidesdb,write_random_40M_t16_b1000,PUT,1910107.57,20.941,7227.45,1261.56,17.46,7132.00,9236.00,9802.00,1054.00,14643.00,8551.89,9662.90,0.00,4763.70,308.400,10.991,1030.4,494.78,1.08,0.00,0.11,write,random,16,40000000,1000,16,100,100,0
tidesdb,write_random_40M_t16_b1000,ITER,3980075.34,10.050,,,,,,,,8551.89,9662.90,0.00,4763.70,308.400,10.991,1030.4,494.78,1.08,0.00,0.11,write,random,16,40000000,1000,16,100,100,0
rocksdb,write_random_40M_t16_b1000,PUT,681875.04,58.662,23459.75,1730.75,7.38,23676.00,25989.00,26901.00,2436.00,28178.00,5192.97,7625.75,0.00,6820.51,246.643,15.119,334.9,474.23,1.54,0.00,0.11,write,random,16,40000000,1000,16,100,100,0
rocksdb,write_random_40M_t16_b1000,ITER,2058525.32,19.431,,,,,,,,5192.97,7625.75,0.00,6820.51,246.643,15.119,334.9,474.23,1.54,0.00,0.11,write,random,16,40000000,1000,16,100,100,0
tidesdb,read_random_40M_t16_populate,PUT,1917580.84,20.860,7448.80,1320.78,17.73,7455.00,9596.00,10336.00,1272.00,20411.00,8341.33,9508.86,0.00,4757.39,317.654,10.973,1044.4,495.52,1.08,0.00,0.11,write,random,16,40000000,1000,16,100,100,0
tidesdb,read_random_40M_t16_populate,ITER,3773413.68,10.600,,,,,,,,8341.33,9508.86,0.00,4757.39,317.654,10.973,1044.4,495.52,1.08,0.00,0.11,write,random,16,40000000,1000,16,100,100,0
tidesdb,read_random_40M_t16,GET,1794848.46,22.286,8.43,20.75,246.02,8.00,11.00,12.00,1.00,3150.00,6912.04,7565.03,0.00,0.00,207.113,146.481,1154.7,495.52,0.00,0.00,0.00,read,random,16,40000000,1,16,100,100,0
tidesdb,read_random_40M_t16,ITER,10882076.65,3.676,,,,,,,,6912.04,7565.03,0.00,0.00,207.113,146.481,1154.7,495.52,0.00,0.00,0.00,read,random,16,40000000,1,16,100,100,0
rocksdb,read_random_40M_t16_populate,PUT,677352.97,59.053,23616.20,1744.37,7.39,23844.00,26241.00,26805.00,2990.00,27611.00,5207.10,7625.24,0.00,6820.36,246.930,15.059,331.5,474.57,1.54,0.00,0.11,write,random,16,40000000,1000,16,100,100,0
rocksdb,read_random_40M_t16_populate,ITER,2009532.82,19.905,,,,,,,,5207.10,7625.24,0.00,6820.36,246.930,15.059,331.5,474.57,1.54,0.00,0.11,write,random,16,40000000,1000,16,100,100,0
rocksdb,read_random_40M_t16,GET,2225596.72,17.973,6.32,15.40,243.51,4.00,6.00,94.00,1.00,764.00,5046.39,7371.66,0.00,0.00,217.117,29.133,727.9,452.69,0.00,0.00,0.00,read,random,16,40000000,1,16,100,100,0
rocksdb,read_random_40M_t16,ITER,3416838.88,11.707,,,,,,,,5046.39,7371.66,0.00,0.00,217.117,29.133,727.9,452.69,0.00,0.00,0.00,read,random,16,40000000,1,16,100,100,0
rocksdb,mixed_random_20M_t16_b1000,PUT,672811.09,29.726,23770.03,1744.12,7.34,23894.00,26210.00,27945.00,2614.00,35207.00,2761.33,5150.08,0.00,3254.02,263.355,23.287,584.7,193.24,1.47,0.00,0.09,mixed,random,16,20000000,1000,16,100,100,0
rocksdb,mixed_random_20M_t16_b1000,GET,1810982.34,11.044,7.70,11.55,149.89,6.00,10.00,65.00,0.00,6706.00,2761.33,5150.08,0.00,3254.02,263.355,23.287,584.7,193.24,1.47,0.00,0.09,mixed,random,16,20000000,1000,16,100,100,0
rocksdb,mixed_random_20M_t16_b1000,ITER,3272094.98,6.112,,,,,,,,2761.33,5150.08,0.00,3254.02,263.355,23.287,584.7,193.24,1.47,0.00,0.09,mixed,random,16,20000000,1000,16,100,100,0
tidesdb,write_zipfian_20M_t16_b1000,PUT,1273388.00,15.706,12122.27,5312.97,43.83,12590.00,16113.00,17843.00,1442.00,630388.00,1789.74,2612.61,0.00,2506.37,140.467,110.720,1465.2,94.74,1.13,0.00,0.04,write,zipfian,16,20000000,1000,16,100,100,0
tidesdb,write_zipfian_20M_t16_b1000,ITER,1996062.53,1.433,,,,,,,,1789.74,2612.61,0.00,2506.37,140.467,110.720,1465.2,94.74,1.13,0.00,0.04,write,zipfian,16,20000000,1000,16,100,100,0
rocksdb,write_zipfian_20M_t16_b1000,PUT,565784.87,35.349,28204.79,4171.53,14.79,28835.00,31528.00,32276.00,2442.00,457921.00,793.67,3460.04,0.00,3292.93,116.615,10.194,336.7,109.20,1.49,0.00,0.05,write,zipfian,16,20000000,1000,16,100,100,0
rocksdb,write_zipfian_20M_t16_b1000,ITER,1247054.99,2.295,,,,,,,,793.67,3460.04,0.00,3292.93,116.615,10.194,336.7,109.20,1.49,0.00,0.05,write,zipfian,16,20000000,1000,16,100,100,0
tidesdb,mixed_zipfian_20M_t16_b1000,PUT,1221499.81,16.373,12194.64,23171.12,190.01,12319.00,16226.00,17986.00,1563.00,1883848.00,3601.91,4554.38,0.00,2554.80,354.628,172.330,1391.6,96.22,1.15,0.00,0.04,mixed,zipfian,16,20000000,1000,16,100,100,0
tidesdb,mixed_zipfian_20M_t16_b1000,GET,1139854.77,17.546,9.49,105.21,1108.93,8.00,14.00,18.00,0.00,142203.00,3601.91,4554.38,0.00,2554.80,354.628,172.330,1391.6,96.22,1.15,0.00,0.04,mixed,zipfian,16,20000000,1000,16,100,100,0
tidesdb,mixed_zipfian_20M_t16_b1000,ITER,1912086.87,1.504,,,,,,,,3601.91,4554.38,0.00,2554.80,354.628,172.330,1391.6,96.22,1.15,0.00,0.04,mixed,zipfian,16,20000000,1000,16,100,100,0
rocksdb,mixed_zipfian_20M_t16_b1000,PUT,571784.79,34.978,27912.01,4194.12,15.03,28573.00,31303.00,31957.00,2353.00,455798.00,1101.52,2910.08,0.00,3291.50,261.023,112.699,678.7,116.38,1.49,0.00,0.05,mixed,zipfian,16,20000000,1000,16,100,100,0
rocksdb,mixed_zipfian_20M_t16_b1000,GET,1196660.15,16.713,6.29,5.57,88.65,6.00,9.00,17.00,0.00,337.00,1101.52,2910.08,0.00,3291.50,261.023,112.699,678.7,116.38,1.49,0.00,0.05,mixed,zipfian,16,20000000,1000,16,100,100,0
rocksdb,mixed_zipfian_20M_t16_b1000,ITER,2637079.55,1.085,,,,,,,,1101.52,2910.08,0.00,3291.50,261.023,112.699,678.7,116.38,1.49,0.00,0.05,mixed,zipfian,16,20000000,1000,16,100,100,0
tidesdb,delete_random_20M_t16_b1000_populate,PUT,2171954.74,9.208,6826.49,1213.57,17.78,6932.00,8522.00,9381.00,1146.00,32800.00,4561.83,5782.29,0.00,2426.84,148.641,5.656,976.5,198.72,1.10,0.00,0.09,write,random,16,20000000,1000,16,100,100,0
tidesdb,delete_random_20M_t16_b1000_populate,ITER,3035602.46,6.588,,,,,,,,4561.83,5782.29,0.00,2426.84,148.641,5.656,976.5,198.72,1.10,0.00,0.09,write,random,16,20000000,1000,16,100,100,0
tidesdb,delete_random_20M_t16_b1000,DELETE,2375329.64,8.420,6127.26,1069.34,17.45,5988.00,8101.00,8496.00,727.00,16714.00,2635.74,4039.84,0.00,534.14,135.865,4.422,977.2,359.95,0.24,0.00,0.00,delete,random,16,20000000,1000,16,100,100,0
rocksdb,delete_random_20M_t16_b1000_populate,PUT,682462.30,29.306,23433.92,1668.60,7.12,23659.00,25782.00,26530.00,3109.00,34558.00,2658.23,5215.42,0.00,3186.89,115.772,7.705,319.2,271.49,1.44,0.00,0.12,write,random,16,20000000,1000,16,100,100,0
rocksdb,delete_random_20M_t16_b1000_populate,ITER,2138473.88,9.352,,,,,,,,2658.23,5215.42,0.00,3186.89,115.772,7.705,319.2,271.49,1.44,0.00,0.12,write,random,16,20000000,1000,16,100,100,0
rocksdb,delete_random_20M_t16_b1000,DELETE,2419023.49,8.268,6611.59,4928.67,74.55,6224.00,7301.00,8696.00,1736.00,87510.00,3184.18,5736.55,0.00,1015.58,99.904,4.377,504.1,383.35,0.46,0.00,0.00,delete,random,16,20000000,1000,16,100,100,0
tidesdb,write_large_values_4M_k256_v4096_t16_b1000,PUT,282065.98,14.181,55272.73,18020.13,32.60,54806.00,77134.00,108129.00,18219.00,245269.00,15635.48,16781.12,0.00,17678.54,110.399,136.151,1184.3,2621.56,1.06,0.00,0.16,write,random,16,4000000,1000,256,4096,100,0
tidesdb,write_large_values_4M_k256_v4096_t16_b1000,ITER,602956.20,6.634,,,,,,,,15635.48,16781.12,0.00,17678.54,110.399,136.151,1184.3,2621.56,1.06,0.00,0.16,write,random,16,4000000,1000,256,4096,100,0
rocksdb,write_large_values_4M_k256_v4096_t16_b1000,PUT,75593.81,52.914,211018.23,113736.58,53.90,203267.00,215079.00,309817.00,37999.00,2140500.00,8026.14,9918.68,0.00,23278.48,251.901,55.273,408.5,1316.96,1.40,0.00,0.08,write,random,16,4000000,1000,256,4096,100,0
rocksdb,write_large_values_4M_k256_v4096_t16_b1000,ITER,180658.00,22.141,,,,,,,,8026.14,9918.68,0.00,23278.48,251.901,55.273,408.5,1316.96,1.40,0.00,0.08,write,random,16,4000000,1000,256,4096,100,0
tidesdb,write_small_values_200M_k16_v64_t16_b1000,PUT,1749053.99,114.348,8625.91,1484.78,17.21,8753.00,10715.00,11973.00,1009.00,90837.00,37975.51,44867.46,0.00,19317.48,1978.920,49.683,1098.9,2173.64,1.27,0.00,0.14,write,random,16,200000000,1000,16,64,100,0
tidesdb,write_small_values_200M_k16_v64_t16_b1000,ITER,2851925.06,70.128,,,,,,,,37975.51,44867.46,0.00,19317.48,1978.920,49.683,1098.9,2173.64,1.27,0.00,0.14,write,random,16,200000000,1000,16,64,100,0
rocksdb,write_small_values_200M_k16_v64_t16_b1000,PUT,727519.57,274.907,21991.27,1733.69,7.88,22192.00,24451.00,25434.00,4208.00,30904.00,7750.57,10087.50,0.00,29814.63,1394.091,62.086,398.7,1323.91,1.95,0.00,0.09,write,random,16,200000000,1000,16,64,100,0
rocksdb,write_small_values_200M_k16_v64_t16_b1000,ITER,2220710.93,90.061,,,,,,,,7750.57,10087.50,0.00,29814.63,1394.091,62.086,398.7,1323.91,1.95,0.00,0.09,write,random,16,200000000,1000,16,64,100,0
tidesdb,batch_1_40M_t16,PUT,139809.72,286.103,113.56,51.53,45.37,116.00,128.00,134.00,4.00,81867.00,561.92,2902.99,0.00,9117.62,452.098,4362.212,1623.0,486.36,2.06,0.00,0.11,write,random,16,40000000,1,16,100,100,0
tidesdb,batch_1_40M_t16,ITER,8139138.57,4.915,,,,,,,,561.92,2902.99,0.00,9117.62,452.098,4362.212,1623.0,486.36,2.06,0.00,0.11,write,random,16,40000000,1,16,100,100,0
rocksdb,batch_1_40M_t16,PUT,460831.45,86.800,33.86,8.15,24.06,34.00,39.00,43.00,4.00,7635.00,5175.65,7484.59,0.00,7062.07,705.567,842.092,1412.5,497.73,1.60,0.00,0.11,write,random,16,40000000,1,16,100,100,0
rocksdb,batch_1_40M_t16,ITER,2253167.60,17.753,,,,,,,,5175.65,7484.59,0.00,7062.07,705.567,842.092,1412.5,497.73,1.60,0.00,0.11,write,random,16,40000000,1,16,100,100,0
tidesdb,batch_100_40M_t16,PUT,2037948.23,19.628,723.50,384.05,53.08,724.00,907.00,1041.00,111.00,60622.00,7890.03,8859.83,0.00,4793.08,297.073,19.393,1076.9,510.48,1.08,0.00,0.12,write,random,16,40000000,100,16,100,100,0
tidesdb,batch_100_40M_t16,ITER,4119982.54,9.709,,,,,,,,7890.03,8859.83,0.00,4793.08,297.073,19.393,1076.9,510.48,1.08,0.00,0.12,write,random,16,40000000,100,16,100,100,0
rocksdb,batch_100_40M_t16,PUT,898753.49,44.506,1779.86,4395.77,246.97,987.00,1248.00,31199.00,356.00,37626.00,5012.82,7473.47,0.00,6269.77,220.322,34.824,408.8,476.40,1.42,0.00,0.11,write,random,16,40000000,100,16,100,100,0
rocksdb,batch_100_40M_t16,ITER,2246389.63,17.806,,,,,,,,5012.82,7473.47,0.00,6269.77,220.322,34.824,408.8,476.40,1.42,0.00,0.11,write,random,16,40000000,100,16,100,100,0
tidesdb,batch_1000_40M_t16,PUT,1959642.44,20.412,7261.55,1288.96,17.75,7340.00,9290.00,9958.00,1193.00,15376.00,8591.50,9721.17,0.00,4762.51,310.200,10.658,1048.2,495.45,1.08,0.00,0.11,write,random,16,40000000,1000,16,100,100,0
tidesdb,batch_1000_40M_t16,ITER,3926536.08,10.187,,,,,,,,8591.50,9721.17,0.00,4762.51,310.200,10.658,1048.2,495.45,1.08,0.00,0.11,write,random,16,40000000,1000,16,100,100,0
rocksdb,batch_1000_40M_t16,PUT,673802.11,59.365,23740.70,1577.17,6.64,23987.00,25900.00,26607.00,3760.00,28311.00,5187.48,7564.46,0.00,6823.55,246.837,15.235,332.7,471.91,1.54,0.00,0.11,write,random,16,40000000,1000,16,100,100,0
rocksdb,batch_1000_40M_t16,ITER,2068641.13,19.336,,,,,,,,5187.48,7564.46,0.00,6823.55,246.837,15.235,332.7,471.91,1.54,0.00,0.11,write,random,16,40000000,1000,16,100,100,0
tidesdb,delete_batch_1_20M_t16_populate,PUT,139896.92,142.962,113.48,30.30,26.70,116.00,128.00,134.00,5.00,25056.00,474.63,2031.41,0.00,4066.38,193.467,2181.216,1603.7,240.85,1.84,0.00,0.11,write,random,16,20000000,1,16,100,100,0
tidesdb,delete_batch_1_20M_t16_populate,ITER,8415124.84,2.377,,,,,,,,474.63,2031.41,0.00,4066.38,193.467,2181.216,1603.7,240.85,1.84,0.00,0.11,write,random,16,20000000,1,16,100,100,0
tidesdb,delete_batch_1_20M_t16,DELETE,145506.60,137.451,109.36,24.64,22.53,111.00,123.00,130.00,4.00,47941.00,1671.66,3673.91,0.00,1163.15,140.460,2088.529,1564.4,298.85,0.53,0.00,0.00,delete,random,16,20000000,1,16,100,100,0
rocksdb,delete_batch_1_20M_t16_populate,PUT,468192.05,42.718,33.29,7.35,22.07,33.00,38.00,42.00,7.00,4552.00,2780.24,5294.86,0.00,3244.24,340.913,412.505,1390.5,225.16,1.47,0.00,0.10,write,random,16,20000000,1,16,100,100,0
rocksdb,delete_batch_1_20M_t16_populate,ITER,2221278.43,9.004,,,,,,,,2780.24,5294.86,0.00,3244.24,340.913,412.505,1390.5,225.16,1.47,0.00,0.10,write,random,16,20000000,1,16,100,100,0
rocksdb,delete_batch_1_20M_t16,DELETE,545466.84,36.666,28.77,3.35,11.64,29.00,33.00,37.00,4.00,932.00,1663.39,4247.56,0.00,938.70,299.826,345.319,1462.7,7.69,0.42,0.00,0.00,delete,random,16,20000000,1,16,100,100,0
tidesdb,delete_batch_1000_20M_t16_populate,PUT,2187026.17,9.145,6382.56,1247.86,19.55,6307.00,8444.00,9808.00,1189.00,13113.00,4563.70,5809.24,0.00,2433.52,140.291,5.323,923.5,199.93,1.10,0.00,0.09,write,random,16,20000000,1000,16,100,100,0
tidesdb,delete_batch_1000_20M_t16_populate,ITER,3022292.12,6.617,,,,,,,,4563.70,5809.24,0.00,2433.52,140.291,5.323,923.5,199.93,1.10,0.00,0.09,write,random,16,20000000,1000,16,100,100,0
tidesdb,delete_batch_1000_20M_t16,DELETE,2426523.94,8.242,6203.39,1737.80,28.01,6100.00,7987.00,8696.00,1463.00,116422.00,2601.30,3461.54,0.00,461.63,131.715,4.342,950.3,361.25,0.21,0.00,0.00,delete,random,16,20000000,1000,16,100,100,0
rocksdb,delete_batch_1000_20M_t16_populate,PUT,681006.62,29.368,23484.41,1564.42,6.66,23713.00,25675.00,26394.00,3840.00,33026.00,2724.22,5303.27,0.00,3195.24,117.402,7.612,320.6,249.96,1.44,0.00,0.11,write,random,16,20000000,1000,16,100,100,0
rocksdb,delete_batch_1000_20M_t16_populate,ITER,2085243.50,9.591,,,,,,,,2724.22,5303.27,0.00,3195.24,117.402,7.612,320.6,249.96,1.44,0.00,0.11,write,random,16,20000000,1000,16,100,100,0
rocksdb,delete_batch_1000_20M_t16,DELETE,2413704.34,8.286,6625.70,6474.45,97.72,6251.00,7423.00,8607.00,1848.00,140821.00,2936.43,5460.48,0.00,836.97,97.623,4.774,487.3,364.84,0.38,0.00,0.00,delete,random,16,20000000,1000,16,100,100,0
tidesdb,seek_random_20M_t16_populate,PUT,2224263.60,8.992,6755.29,1183.25,17.52,6686.00,8641.00,9469.00,1074.00,12929.00,4562.71,5787.35,0.00,2427.69,147.155,5.834,982.7,198.50,1.10,0.00,0.09,write,random,16,20000000,1000,16,100,100,0
tidesdb,seek_random_20M_t16_populate,ITER,3042679.36,6.573,,,,,,,,4562.71,5787.35,0.00,2427.69,147.155,5.834,982.7,198.50,1.10,0.00,0.09,write,random,16,20000000,1000,16,100,100,0
tidesdb,seek_random_20M_t16,SEEK,3292032.05,6.075,4.21,16.60,394.27,4.00,5.00,6.00,1.00,1374.00,3433.55,3893.48,0.00,0.00,85.342,4.944,920.8,198.50,0.00,0.00,0.00,seek,random,16,20000000,1,16,100,100,0
tidesdb,seek_random_20M_t16,ITER,11733281.39,1.705,,,,,,,,3433.55,3893.48,0.00,0.00,85.342,4.944,920.8,198.50,0.00,0.00,0.00,seek,random,16,20000000,1,16,100,100,0
rocksdb,seek_random_20M_t16_populate,PUT,672913.75,29.721,23767.81,1745.13,7.34,23993.00,26281.00,27484.00,4571.00,33937.00,2695.86,5297.73,0.00,3198.41,116.562,7.052,319.9,249.11,1.45,0.00,0.11,write,random,16,20000000,1000,16,100,100,0
rocksdb,seek_random_20M_t16_populate,ITER,2245334.20,8.907,,,,,,,,2695.86,5297.73,0.00,3198.41,116.562,7.052,319.9,249.11,1.45,0.00,0.11,write,random,16,20000000,1000,16,100,100,0
rocksdb,seek_random_20M_t16,SEEK,771555.79,25.922,19.65,22.20,112.96,18.00,22.00,60.00,8.00,1220.00,4880.23,7291.89,0.00,174.93,388.867,17.634,1154.7,175.23,0.00,0.00,0.00,seek,random,16,20000000,1,16,100,100,0
rocksdb,seek_random_20M_t16,ITER,2844901.25,7.030,,,,,,,,4880.23,7291.89,0.00,174.93,388.867,17.634,1154.7,175.23,0.00,0.00,0.00,seek,random,16,20000000,1,16,100,100,0
tidesdb,seek_seq_20M_t16_populate,PUT,3752724.71,5.329,3922.02,1174.93,29.96,3654.00,5840.00,7678.00,931.00,12922.00,4562.94,5603.76,0.00,2403.32,80.828,4.556,1178.1,222.57,1.09,0.00,0.10,write,seq,16,20000000,1000,16,100,100,0
tidesdb,seek_seq_20M_t16_populate,ITER,10450445.55,1.914,,,,,,,,4562.94,5603.76,0.00,2403.32,80.828,4.556,1178.1,222.57,1.09,0.00,0.10,write,seq,16,20000000,1000,16,100,100,0
tidesdb,seek_seq_20M_t16,SEEK,6156196.87,3.249,2.19,4.47,203.69,2.00,3.00,4.00,0.00,872.00,3410.06,4213.48,0.00,0.00,51.554,2.100,780.8,222.57,0.00,0.00,0.00,seek,seq,16,20000000,1,16,100,100,0
tidesdb,seek_seq_20M_t16,ITER,11782775.11,1.697,,,,,,,,3410.06,4213.48,0.00,0.00,51.554,2.100,780.8,222.57,0.00,0.00,0.00,seek,seq,16,20000000,1,16,100,100,0
rocksdb,seek_seq_20M_t16_populate,PUT,784429.85,25.496,20388.83,1338.16,6.56,20442.00,22493.00,23601.00,2628.00,31667.00,2551.20,5114.94,0.00,3635.93,102.393,7.500,327.1,391.92,1.64,0.00,0.18,write,seq,16,20000000,1000,16,100,100,0
rocksdb,seek_seq_20M_t16_populate,ITER,2481071.90,8.061,,,,,,,,2551.20,5114.94,0.00,3635.93,102.393,7.500,327.1,391.92,1.64,0.00,0.18,write,seq,16,20000000,1000,16,100,100,0
rocksdb,seek_seq_20M_t16,SEEK,2158989.73,9.264,6.53,2.29,35.11,6.00,9.00,17.00,2.00,1420.00,2789.09,5391.57,0.00,75.52,142.467,4.102,864.8,362.46,0.00,0.00,0.00,seek,seq,16,20000000,1,16,100,100,0
rocksdb,seek_seq_20M_t16,ITER,3433714.54,5.825,,,,,,,,2789.09,5391.57,0.00,75.52,142.467,4.102,864.8,362.46,0.00,0.00,0.00,seek,seq,16,20000000,1,16,100,100,0
tidesdb,seek_zipfian_20M_t16_populate,PUT,1267815.34,15.775,12052.20,5452.23,45.24,12639.00,16320.00,18072.00,1847.00,629589.00,1681.11,2771.96,0.00,2523.49,140.592,109.793,1448.4,98.89,1.14,0.00,0.04,write,zipfian,16,20000000,1000,16,100,100,0
tidesdb,seek_zipfian_20M_t16_populate,ITER,1896295.85,1.509,,,,,,,,1681.11,2771.96,0.00,2523.49,140.592,109.793,1448.4,98.89,1.14,0.00,0.04,write,zipfian,16,20000000,1000,16,100,100,0
tidesdb,seek_zipfian_20M_t16,SEEK,1149695.47,17.396,9.41,11.23,119.36,10.00,12.00,13.00,1.00,2504.00,1048.88,1263.91,0.00,0.00,205.515,55.788,1289.8,98.89,0.00,0.00,0.00,seek,zipfian,16,20000000,1,16,100,100,0
tidesdb,seek_zipfian_20M_t16,ITER,4915770.66,0.582,,,,,,,,1048.88,1263.91,0.00,0.00,205.515,55.788,1289.8,98.89,0.00,0.00,0.00,seek,zipfian,16,20000000,1,16,100,100,0
rocksdb,seek_zipfian_20M_t16_populate,PUT,566330.03,35.315,28179.67,4124.13,14.64,28754.00,31611.00,32343.00,3497.00,452701.00,875.35,3460.30,0.00,3293.63,116.028,9.607,333.8,110.67,1.49,0.00,0.05,write,zipfian,16,20000000,1000,16,100,100,0
rocksdb,seek_zipfian_20M_t16_populate,ITER,1242611.70,2.303,,,,,,,,875.35,3460.30,0.00,3293.63,116.028,9.607,333.8,110.67,1.49,0.00,0.05,write,zipfian,16,20000000,1000,16,100,100,0
rocksdb,seek_zipfian_20M_t16,SEEK,1182458.49,16.914,8.13,5.67,69.79,8.00,10.00,11.00,1.00,549.00,474.78,2961.16,0.00,0.00,184.382,68.496,1263.3,83.14,0.00,0.00,0.00,seek,zipfian,16,20000000,1,16,100,100,0
rocksdb,seek_zipfian_20M_t16,ITER,3081024.57,0.929,,,,,,,,474.78,2961.16,0.00,0.00,184.382,68.496,1263.3,83.14,0.00,0.00,0.00,seek,zipfian,16,20000000,1,16,100,100,0
tidesdb,range_random_100_4M_t16_populate,PUT,2464058.62,1.623,5953.16,1148.41,19.29,5962.00,7730.00,8905.00,1028.00,12847.00,845.86,1338.12,0.00,482.55,25.761,1.176,1026.4,35.05,1.09,0.00,0.08,write,random,16,4000000,1000,16,100,100,0
tidesdb,range_random_100_4M_t16_populate,ITER,3999444.08,1.000,,,,,,,,845.86,1338.12,0.00,482.55,25.761,1.176,1026.4,35.05,1.09,0.00,0.08,write,random,16,4000000,1000,16,100,100,0
tidesdb,range_random_100_4M_t16,RANGE,644667.60,6.205,23.11,23.01,99.54,20.00,54.00,61.00,10.00,3375.00,726.36,1123.52,0.00,0.00,91.249,2.877,1336.1,35.05,0.00,0.00,0.00,range,random,16,4000000,1,16,100,100,0
tidesdb,range_random_100_4M_t16,ITER,9584787.03,0.417,,,,,,,,726.36,1123.52,0.00,0.00,91.249,2.877,1336.1,35.05,0.00,0.00,0.00,range,random,16,4000000,1,16,100,100,0
rocksdb,range_random_100_4M_t16_populate,PUT,668806.18,5.981,23874.92,1796.10,7.52,23991.00,26351.00,27159.00,2943.00,27883.00,595.29,3349.57,0.00,550.97,19.104,1.461,259.0,70.07,1.25,0.00,0.16,write,random,16,4000000,1000,16,100,100,0
rocksdb,range_random_100_4M_t16_populate,ITER,2041735.11,1.959,,,,,,,,595.29,3349.57,0.00,550.97,19.104,1.461,259.0,70.07,1.25,0.00,0.16,write,random,16,4000000,1000,16,100,100,0
rocksdb,range_random_100_4M_t16,RANGE,278119.36,14.382,54.29,28.93,53.28,52.00,57.00,83.00,8.00,1774.00,974.23,3365.08,0.00,35.07,217.983,2.770,1359.8,35.18,0.00,0.00,0.00,range,random,16,4000000,1,16,100,100,0
rocksdb,range_random_100_4M_t16,ITER,2822245.79,1.417,,,,,,,,974.23,3365.08,0.00,35.07,217.983,2.770,1359.8,35.18,0.00,0.00,0.00,range,random,16,4000000,1,16,100,100,0
tidesdb,range_random_1000_2M_t16_populate,PUT,2727794.73,0.733,5223.18,1161.51,22.24,5114.00,6811.00,9329.00,1078.00,13266.00,503.91,1211.15,0.00,237.38,10.630,0.710,994.1,17.79,1.07,0.00,0.08,write,random,16,2000000,1000,16,100,100,0
tidesdb,range_random_1000_2M_t16_populate,ITER,4914922.69,0.407,,,,,,,,503.91,1211.15,0.00,237.38,10.630,0.710,994.1,17.79,1.07,0.00,0.08,write,random,16,2000000,1000,16,100,100,0
tidesdb,range_random_1000_2M_t16,RANGE,113597.77,17.606,135.22,38.29,28.32,140.00,183.00,189.00,9.00,4154.00,398.92,1120.82,0.00,0.00,261.356,10.205,1501.9,17.79,0.00,0.00,0.00,range,random,16,2000000,1,16,100,1000,0
tidesdb,range_random_1000_2M_t16,ITER,10039505.45,0.199,,,,,,,,398.92,1120.82,0.00,0.00,261.356,10.205,1501.9,17.79,0.00,0.00,0.00,range,random,16,2000000,1,16,100,1000,0
rocksdb,range_random_1000_2M_t16_populate,PUT,662860.52,3.017,24049.35,1967.65,8.18,24280.00,26493.00,26764.00,3562.00,26935.00,271.57,3071.70,0.00,264.40,8.953,0.740,244.0,40.66,1.20,0.00,0.18,write,random,16,2000000,1000,16,100,100,0
rocksdb,range_random_1000_2M_t16_populate,ITER,2102068.01,0.951,,,,,,,,271.57,3071.70,0.00,264.40,8.953,0.740,244.0,40.66,1.20,0.00,0.18,write,random,16,2000000,1000,16,100,100,0
rocksdb,range_random_1000_2M_t16,RANGE,40337.08,49.582,391.71,64.32,16.42,389.00,400.00,407.00,6.00,4368.00,508.09,3137.47,0.00,18.17,783.175,1.711,1552.6,18.25,0.00,0.00,0.00,range,random,16,2000000,1,16,100,1000,0
rocksdb,range_random_1000_2M_t16,ITER,2824643.32,0.708,,,,,,,,508.09,3137.47,0.00,18.17,783.175,1.711,1552.6,18.25,0.00,0.00,0.00,range,random,16,2000000,1,16,100,1000,0
tidesdb,range_seq_100_4M_t16_populate,PUT,3811509.42,1.049,3671.80,1341.88,36.55,3456.00,5972.00,7796.00,1022.00,11895.00,816.93,1307.85,0.00,488.05,15.203,0.958,1116.1,44.24,1.10,0.00,0.10,write,seq,16,4000000,1000,16,100,100,0
tidesdb,range_seq_100_4M_t16_populate,ITER,10069225.93,0.397,,,,,,,,816.93,1307.85,0.00,488.05,15.203,0.958,1116.1,44.24,1.10,0.00,0.10,write,seq,16,4000000,1000,16,100,100,0
tidesdb,range_seq_100_4M_t16,RANGE,1057314.09,3.783,14.30,10.91,76.31,11.00,41.00,44.00,4.00,2743.00,718.45,1123.80,0.00,0.00,57.392,2.026,1304.5,44.24,0.00,0.00,0.00,range,seq,16,4000000,1,16,100,100,0
tidesdb,range_seq_100_4M_t16,ITER,9579530.46,0.418,,,,,,,,718.45,1123.80,0.00,0.00,57.392,2.026,1304.5,44.24,0.00,0.00,0.00,range,seq,16,4000000,1,16,100,100,0
rocksdb,range_seq_100_4M_t16_populate,PUT,796801.16,5.020,20041.49,1418.43,7.08,20035.00,22002.00,23122.00,2471.00,24176.00,591.49,3335.14,0.00,612.73,15.927,1.385,262.0,102.45,1.38,0.00,0.23,write,seq,16,4000000,1000,16,100,100,0
rocksdb,range_seq_100_4M_t16_populate,ITER,2520428.07,1.587,,,,,,,,591.49,3335.14,0.00,612.73,15.927,1.385,262.0,102.45,1.38,0.00,0.23,write,seq,16,4000000,1000,16,100,100,0
rocksdb,range_seq_100_4M_t16,RANGE,396642.46,10.085,36.33,4.38,12.07,36.00,43.00,54.00,3.00,940.00,970.81,3358.09,0.00,69.70,150.027,1.274,1267.2,69.80,0.00,0.00,0.00,range,seq,16,4000000,1,16,100,100,0
rocksdb,range_seq_100_4M_t16,ITER,2761948.36,1.448,,,,,,,,970.81,3358.09,0.00,69.70,150.027,1.274,1267.2,69.80,0.00,0.00,0.00,range,seq,16,4000000,1,16,100,100,0
tidesdb,sync_write_random_25K_t1_b1000,PUT,606045.91,0.041,1638.92,442.87,27.02,1920.00,2094.00,2326.00,1084.00,2326.00,34.97,133.50,0.00,2.86,0.042,0.004,99.9,0.24,1.03,0.00,0.09,write,random,1,25000,1000,16,100,100,1
tidesdb,sync_write_random_25K_t1_b1000,ITER,5009016.23,0.005,,,,,,,,34.97,133.50,0.00,2.86,0.042,0.004,99.9,0.24,1.03,0.00,0.09,write,random,1,25000,1000,16,100,100,1
rocksdb,sync_write_random_25K_t1_b1000,PUT,159932.44,0.156,6242.52,330.03,5.29,6362.00,6581.00,6646.00,5313.00,6646.00,20.07,2010.29,0.00,2.93,0.087,0.004,54.2,2.88,1.06,0.00,1.04,write,random,1,25000,1000,16,100,100,1
rocksdb,sync_write_random_25K_t1_b1000,ITER,2249820.01,0.011,,,,,,,,20.07,2010.29,0.00,2.93,0.087,0.004,54.2,2.88,1.06,0.00,1.04,write,random,1,25000,1000,16,100,100,1
tidesdb,sync_write_random_50K_t4_b1000,PUT,1436080.08,0.035,2342.21,750.84,32.06,2408.00,3513.00,4041.00,621.00,4041.00,42.38,349.91,0.00,5.72,0.100,0.032,297.2,0.51,1.03,0.00,0.09,write,random,4,50000,1000,16,100,100,1
tidesdb,sync_write_random_50K_t4_b1000,ITER,5372877.71,0.009,,,,,,,,42.38,349.91,0.00,5.72,0.100,0.032,297.2,0.51,1.03,0.00,0.09,write,random,4,50000,1000,16,100,100,1
rocksdb,sync_write_random_50K_t4_b1000,PUT,321990.68,0.155,11579.60,1547.19,13.36,11610.00,14704.00,16128.00,4777.00,16128.00,25.10,2149.39,0.00,5.78,0.153,0.022,98.5,5.71,1.05,0.00,1.03,write,random,4,50000,1000,16,100,100,1
rocksdb,sync_write_random_50K_t4_b1000,ITER,2232840.62,0.022,,,,,,,,25.10,2149.39,0.00,5.78,0.153,0.022,98.5,5.71,1.05,0.00,1.03,write,random,4,50000,1000,16,100,100,1
tidesdb,sync_write_random_100K_t8_b1000,PUT,1880618.35,0.053,3682.27,1228.88,33.37,3857.00,6540.00,6648.00,720.00,6674.00,55.35,606.29,0.00,11.45,0.348,0.056,510.8,1.00,1.03,0.00,0.09,write,random,8,100000,1000,16,100,100,1
tidesdb,sync_write_random_100K_t8_b1000,ITER,3886513.80,0.026,,,,,,,,55.35,606.29,0.00,11.45,0.348,0.056,510.8,1.00,1.03,0.00,0.09,write,random,8,100000,1000,16,100,100,1
rocksdb,sync_write_random_100K_t8_b1000,PUT,319022.01,0.313,23551.45,3293.24,13.98,24384.00,25525.00,25834.00,5422.00,30166.00,32.27,2412.80,0.00,11.55,0.312,0.055,102.3,11.39,1.04,0.00,1.03,write,random,8,100000,1000,16,100,100,1
rocksdb,sync_write_random_100K_t8_b1000,ITER,2216999.96,0.045,,,,,,,,32.27,2412.80,0.00,11.55,0.312,0.055,102.3,11.39,1.04,0.00,1.03,write,random,8,100000,1000,16,100,100,1
tidesdb,sync_write_random_500K_t16_b1000,PUT,2808752.07,0.178,5066.08,1678.67,33.14,5110.00,7944.00,10668.00,568.00,12430.00,150.37,1117.52,0.00,57.58,2.495,0.147,935.9,4.65,1.04,0.00,0.08,write,random,16,500000,1000,16,100,100,1
tidesdb,sync_write_random_500K_t16_b1000,ITER,4808802.03,0.104,,,,,,,,150.37,1117.52,0.00,57.58,2.495,0.147,935.9,4.65,1.04,0.00,0.08,write,random,16,500000,1000,16,100,100,1
rocksdb,sync_write_random_500K_t16_b1000,PUT,302104.95,1.655,51521.90,6732.84,13.07,52686.00,57910.00,62034.00,6926.00,62444.00,28.11,2916.11,0.00,64.30,2.088,0.233,119.9,10.56,1.16,0.00,0.19,write,random,16,500000,1000,16,100,100,1
rocksdb,sync_write_random_500K_t16_b1000,ITER,1828420.98,0.273,,,,,,,,28.11,2916.11,0.00,64.30,2.088,0.233,119.9,10.56,1.16,0.00,0.19,write,random,16,500000,1000,16,100,100,1
