engine,phase,vu,iter,nopm,new_orders,gb_written,bytes_per_neworder
TidesDB,sweep,4,1,47346,1420380,23.93,16845
TidesDB,sweep,8,1,89876,2696280,83.64,31021
TidesDB,sweep,16,1,137137,4114110,234.75,57060
TidesDB,sweep,32,1,160327,4809810,256.85,53402
TidesDB,sweep,64,1,158544,4756320,248.87,52324
TidesDB,sweep,128,1,158003,4740090,238.70,50357
TidesDB,peak,32,1,160055,4801650,257.11,53547
TidesDB,peak,32,2,160106,4803180,255.83,53262
TidesDB,peak,32,3,160389,4811670,257.77,53572
InnoDB,sweep,4,1,44234,1327020,491.47,370359
InnoDB,sweep,8,1,74847,2245410,873.30,388926
InnoDB,sweep,16,1,110158,3304740,1312.34,397109
InnoDB,sweep,32,1,156502,4695060,1626.34,346395
InnoDB,sweep,64,1,133489,4004670,1231.20,307440
InnoDB,sweep,128,1,102899,3086970,931.02,301595
InnoDB,peak,32,1,156589,4697670,1635.93,348243
InnoDB,peak,32,2,154879,4646370,1628.00,350381
