engine,phase,vu,iter,nopm,tpm,neword_avg_ms,neword_p50_ms,neword_p95_ms,neword_p99_ms,errors,failed_vus,status,jobid
TidesDB,sweep,4,1,47346,109981,3.04,3.01,4.42,4.84,0,0,ok,6ABED423508103E213236353
TidesDB,sweep,8,1,89876,208674,3.16,3.12,4.54,5.75,0,0,ok,6ABEDBD6C5F403E263532303
TidesDB,sweep,16,1,137137,318609,3.82,3.61,6.28,9.94,31,0,ok,6ABEE38E3BB603E283031333
TidesDB,sweep,32,1,160327,372833,6.21,5.93,14.51,22.70,72,0,ok,6ABEEB48B1A703E223238333
TidesDB,sweep,64,1,158544,368166,11.47,11.23,23.50,34.68,82,0,ok,6ABEF324298903E263038343
TidesDB,sweep,128,1,158003,367041,21.76,20.76,39.64,59.55,517,0,ok,6ABEFAF1A09903E273732313
TidesDB,peak,32,1,160055,371929,6.21,5.89,14.60,22.44,66,0,ok,6ABF02C8183803E253632353
TidesDB,peak,32,2,160106,372008,6.21,5.94,14.53,21.80,51,0,ok,6ABF0AA4902703E263333333
TidesDB,peak,32,3,160389,372861,6.20,5.95,14.48,22.69,61,0,ok,6ABF127E7F9403E233437393
InnoDB,sweep,4,1,44234,102782,3.19,3.08,4.76,5.80,0,0,ok,6ABF30A5D40703E293837323
InnoDB,sweep,8,1,74847,173843,3.67,3.15,5.04,6.37,0,0,ok,6ABF387A4B9103E283632393
InnoDB,sweep,16,1,110158,256006,4.95,3.55,5.88,7.90,0,0,ok,6ABF4055C36703E263435313
InnoDB,sweep,32,1,156502,363707,6.96,5.71,9.22,11.23,0,0,ok,6ABF48343B8103E253132313
InnoDB,sweep,64,1,133489,310294,15.31,13.46,31.07,44.71,0,0,ok,6ABF5026B4BD03E233334303
InnoDB,sweep,128,1,102899,239160,35.37,32.09,73.43,101.03,0,0,ok,6ABF58272EE503E293834363
InnoDB,peak,32,1,156589,363961,6.92,5.67,9.06,11.07,0,0,ok,6ABF6030A97C03E273236303
InnoDB,peak,32,2,154879,359635,6.99,5.76,9.26,11.66,0,0,ok,6ABF6820229A03E213733363
InnoDB,peak,32,3,156282,362980,6.95,5.72,9.36,11.30,0,0,ok,6ABF700E9B9A03E293035383
