engine,workload,threads,table_size,time_s,tps,qps,latency_avg_ms,latency_p95_ms
TidesDB,oltp_point_select,8,100000,10,265527.13,265527.13,0.04,0.04
TidesDB,oltp_point_select,8,100000,20,266495.99,266495.99,0.04,0.04
TidesDB,oltp_point_select,8,100000,30,267693.47,267693.57,0.04,0.04
TidesDB,oltp_point_select,8,100000,40,267603.65,267603.65,0.04,0.04
TidesDB,oltp_point_select,8,100000,50,266084.24,266084.14,0.04,0.04
TidesDB,oltp_read_only,8,100000,10,8848.73,141588.26,1.08,1.08
TidesDB,oltp_read_only,8,100000,20,8876.64,142025.41,1.06,1.06
TidesDB,oltp_read_only,8,100000,30,8866.70,141868.28,1.08,1.08
TidesDB,oltp_read_only,8,100000,40,8640.40,138246.16,1.16,1.16
TidesDB,oltp_read_only,8,100000,50,8669.40,138711.86,1.16,1.16
TidesDB,oltp_write_only,8,100000,10,39682.18,238099.56,0.25,0.25
TidesDB,oltp_write_only,8,100000,20,40125.68,240758.37,0.24,0.24
TidesDB,oltp_write_only,8,100000,30,40309.85,241864.50,0.24,0.24
TidesDB,oltp_write_only,8,100000,40,39900.29,239406.06,0.24,0.24
TidesDB,oltp_write_only,8,100000,50,38002.90,228023.30,0.26,0.26
TidesDB,oltp_read_write,8,100000,10,6874.29,137494.56,1.50,1.50
TidesDB,oltp_read_write,8,100000,20,6600.10,132004.54,1.58,1.58
TidesDB,oltp_read_write,8,100000,30,6721.49,134435.63,1.55,1.55
TidesDB,oltp_read_write,8,100000,40,6744.10,134880.70,1.55,1.55
TidesDB,oltp_read_write,8,100000,50,6743.18,134863.03,1.55,1.55
TidesDB,oltp_read_write,8,100000,60,6754.13,135084.52,1.52,1.52
TidesDB,oltp_insert,8,100000,10,168172.03,168172.03,0.06,0.06
TidesDB,oltp_insert,8,100000,20,163602.36,163602.36,0.06,0.06
TidesDB,oltp_insert,8,100000,30,160134.61,160134.61,0.06,0.06
TidesDB,oltp_insert,8,100000,40,165215.02,165215.02,0.06,0.06
TidesDB,oltp_insert,8,100000,50,162732.53,162732.53,0.06,0.06
TidesDB,oltp_update_index,8,100000,10,159263.90,159263.90,0.07,0.07
TidesDB,oltp_update_index,8,100000,20,160621.49,160621.49,0.06,0.06
TidesDB,oltp_update_index,8,100000,30,158271.13,158271.13,0.06,0.06
TidesDB,oltp_update_index,8,100000,40,155176.34,155176.34,0.07,0.07
TidesDB,oltp_update_index,8,100000,50,154572.51,154572.51,0.07,0.07
TidesDB,oltp_update_non_index,8,100000,10,181252.67,181252.67,0.06,0.06
TidesDB,oltp_update_non_index,8,100000,20,170316.04,170316.04,0.06,0.06
TidesDB,oltp_update_non_index,8,100000,30,184001.67,184001.67,0.06,0.06
TidesDB,oltp_update_non_index,8,100000,40,183064.15,183064.15,0.06,0.06
TidesDB,oltp_update_non_index,8,100000,50,181853.64,181853.64,0.06,0.06
TidesDB,oltp_update_non_index,8,100000,60,167466.06,167466.06,0.07,0.07
TidesDB,oltp_delete,8,100000,10,306552.13,306552.13,0.04,0.04
TidesDB,oltp_delete,8,100000,20,318155.88,318155.88,0.03,0.03
TidesDB,oltp_delete,8,100000,30,303975.42,303975.42,0.04,0.04
TidesDB,oltp_delete,8,100000,40,314820.68,314820.68,0.03,0.03
TidesDB,oltp_delete,8,100000,50,295648.68,295648.68,0.04,0.04
InnoDB,oltp_point_select,8,100000,10,221461.68,221461.68,0.05,0.05
InnoDB,oltp_point_select,8,100000,20,230168.46,230168.46,0.05,0.05
InnoDB,oltp_point_select,8,100000,30,222939.66,222939.66,0.05,0.05
InnoDB,oltp_point_select,8,100000,40,224048.57,224048.57,0.05,0.05
InnoDB,oltp_point_select,8,100000,50,227504.96,227504.96,0.05,0.05
InnoDB,oltp_read_only,8,100000,10,7782.30,124524.58,1.34,1.34
InnoDB,oltp_read_only,8,100000,20,7770.74,124333.79,1.34,1.34
InnoDB,oltp_read_only,8,100000,30,7802.71,124842.18,1.34,1.34
InnoDB,oltp_read_only,8,100000,40,7849.08,125585.07,1.32,1.32
InnoDB,oltp_read_only,8,100000,50,7900.12,126402.16,1.34,1.34
InnoDB,oltp_write_only,8,100000,10,22557.35,135345.77,0.29,0.29
InnoDB,oltp_write_only,8,100000,20,25331.46,151988.26,0.29,0.29
InnoDB,oltp_write_only,8,100000,30,26758.60,160552.21,0.28,0.28
InnoDB,oltp_write_only,8,100000,40,27774.04,166645.07,0.28,0.28
InnoDB,oltp_write_only,8,100000,50,26868.35,161209.83,0.29,0.29
InnoDB,oltp_read_write,8,100000,10,6135.10,122758.78,1.61,1.61
InnoDB,oltp_read_write,8,100000,20,6027.26,120594.58,1.61,1.61
InnoDB,oltp_read_write,8,100000,30,5270.91,105469.81,1.93,1.93
InnoDB,oltp_read_write,8,100000,40,5513.23,110320.70,1.82,1.82
InnoDB,oltp_read_write,8,100000,50,5752.45,115111.06,1.70,1.70
InnoDB,oltp_insert,8,100000,10,85892.98,85892.98,0.07,0.07
InnoDB,oltp_insert,8,100000,20,66564.05,66564.05,0.08,0.08
InnoDB,oltp_insert,8,100000,30,56551.88,56551.88,0.09,0.09
InnoDB,oltp_insert,8,100000,40,47317.97,47317.97,0.09,0.09
InnoDB,oltp_insert,8,100000,50,54572.70,54572.70,0.08,0.08
InnoDB,oltp_insert,8,100000,60,60938.17,60938.17,0.08,0.08
InnoDB,oltp_update_index,8,100000,10,88379.06,88379.06,0.11,0.11
InnoDB,oltp_update_index,8,100000,20,97515.38,97515.38,0.10,0.10
InnoDB,oltp_update_index,8,100000,30,91572.33,91572.33,0.09,0.09
InnoDB,oltp_update_index,8,100000,40,81977.41,81977.41,0.10,0.10
InnoDB,oltp_update_index,8,100000,50,95284.97,95284.97,0.09,0.09
InnoDB,oltp_update_non_index,8,100000,10,79469.09,79469.09,0.09,0.09
InnoDB,oltp_update_non_index,8,100000,20,81419.84,81419.84,0.08,0.08
InnoDB,oltp_update_non_index,8,100000,30,90955.92,90955.92,0.07,0.07
InnoDB,oltp_update_non_index,8,100000,40,91964.25,91964.25,0.07,0.07
InnoDB,oltp_update_non_index,8,100000,50,92141.77,92141.77,0.07,0.07
InnoDB,oltp_update_non_index,8,100000,60,93012.98,93012.98,0.07,0.07
InnoDB,oltp_delete,8,100000,10,243860.63,243860.63,0.05,0.05
InnoDB,oltp_delete,8,100000,20,228578.13,228578.13,0.05,0.05
InnoDB,oltp_delete,8,100000,30,239969.33,239969.33,0.05,0.05
InnoDB,oltp_delete,8,100000,40,225813.91,225813.91,0.05,0.05
InnoDB,oltp_delete,8,100000,50,233531.75,233531.75,0.05,0.05
