engine,workload,threads,table_size,phase,size_bytes,size_mb
TidesDB,oltp_point_select,8,100000,after_prepare,22914109,21.85
TidesDB,oltp_point_select,8,100000,after_run,22914109,21.85
TidesDB,oltp_read_only,8,100000,after_prepare,22914109,21.85
TidesDB,oltp_read_only,8,100000,after_run,22914109,21.85
TidesDB,oltp_write_only,8,100000,after_prepare,22914109,21.85
TidesDB,oltp_write_only,8,100000,after_run,2331139688,2223.14
TidesDB,oltp_read_write,8,100000,after_prepare,22914109,21.85
TidesDB,oltp_read_write,8,100000,after_run,416296193,397.01
TidesDB,oltp_insert,8,100000,after_prepare,22914109,21.85
TidesDB,oltp_insert,8,100000,after_run,3966036582,3782.30
TidesDB,oltp_update_index,8,100000,after_prepare,22914109,21.85
TidesDB,oltp_update_index,8,100000,after_run,3159415054,3013.05
TidesDB,oltp_update_non_index,8,100000,after_prepare,22914109,21.85
TidesDB,oltp_update_non_index,8,100000,after_run,2869941833,2736.98
TidesDB,oltp_delete,8,100000,after_prepare,22914109,21.85
TidesDB,oltp_delete,8,100000,after_run,28581452,27.25
InnoDB,oltp_point_select,8,100000,after_prepare,110100480,105.00
InnoDB,oltp_point_select,8,100000,after_run,110100480,105.00
InnoDB,oltp_read_only,8,100000,after_prepare,110100480,105.00
InnoDB,oltp_read_only,8,100000,after_run,110100480,105.00
InnoDB,oltp_write_only,8,100000,after_prepare,110100480,105.00
InnoDB,oltp_write_only,8,100000,after_run,117440512,112.00
InnoDB,oltp_read_write,8,100000,after_prepare,110100480,105.00
InnoDB,oltp_read_write,8,100000,after_run,117440512,112.00
InnoDB,oltp_insert,8,100000,after_prepare,110100480,105.00
InnoDB,oltp_insert,8,100000,after_run,1342177280,1280.00
InnoDB,oltp_update_index,8,100000,after_prepare,110100480,105.00
InnoDB,oltp_update_index,8,100000,after_run,117440512,112.00
InnoDB,oltp_update_non_index,8,100000,after_prepare,110100480,105.00
InnoDB,oltp_update_non_index,8,100000,after_run,110100480,105.00
InnoDB,oltp_delete,8,100000,after_prepare,110100480,105.00
InnoDB,oltp_delete,8,100000,after_run,110100480,105.00
