test_name,run_number,phase,engine,operation,ops_per_sec,duration_sec,avg_latency_us,stddev_us,cv_percent,p50_us,p95_us,p99_us,min_us,max_us,peak_rss_mb,peak_vms_mb,disk_read_mb,disk_write_mb,cpu_user_sec,cpu_sys_sec,cpu_percent,db_size_mb,write_amp,read_amp,space_amp,workload,pattern,ops_count,threads,batch_size,key_size,value_size
write_seq_5M,1,measurement,tidesdb,PUT,7262480.57,0.688,1046.53,286.53,27.38,976.00,1508.00,1777.00,510.00,3583.00,1156.22,1828.57,0.01,607.03,6.044,1.006,519.4,55.30,1.10,0.00,0.10,write,seq,5000000,8,1000,16,100
write_seq_5M,1,measurement,tidesdb,ITER,7482890.37,0.668,0,0,0,0,0,0,0,0,1156.22,1828.57,0.01,607.03,6.044,1.006,519.4,55.30,1.10,0.00,0.10,write,seq,5000000,8,1000,16,100
write_seq_5M,2,measurement,tidesdb,PUT,6800759.51,0.735,1076.71,307.58,28.57,992.00,1532.00,1808.00,517.00,4873.00,1154.80,1828.26,0.00,608.30,6.172,1.076,516.9,55.31,1.10,0.00,0.10,write,seq,5000000,8,1000,16,100
write_seq_5M,2,measurement,tidesdb,ITER,7503023.72,0.666,0,0,0,0,0,0,0,0,1154.80,1828.26,0.00,608.30,6.172,1.076,516.9,55.31,1.10,0.00,0.10,write,seq,5000000,8,1000,16,100
write_seq_5M,3,measurement,tidesdb,PUT,7868699.73,0.635,970.59,250.93,25.85,897.00,1419.00,1823.00,487.00,3454.00,1155.73,1832.19,0.00,608.67,5.588,1.037,508.5,55.31,1.10,0.00,0.10,write,seq,5000000,8,1000,16,100
write_seq_5M,3,measurement,tidesdb,ITER,7501008.89,0.667,0,0,0,0,0,0,0,0,1155.73,1832.19,0.00,608.67,5.588,1.037,508.5,55.31,1.10,0.00,0.10,write,seq,5000000,8,1000,16,100
write_seq_5M,1,measurement,rocksdb,PUT,2441366.91,2.048,3274.64,4126.01,126.00,2964.00,4319.00,7118.00,2210.00,104983.00,203.09,1293.67,0.29,741.20,7.190,0.970,271.9,119.11,1.34,0.00,0.22,write,seq,5000000,8,1000,16,100
write_seq_5M,1,measurement,rocksdb,ITER,5280544.78,0.947,0,0,0,0,0,0,0,0,203.09,1293.67,0.29,741.20,7.190,0.970,271.9,119.11,1.34,0.00,0.22,write,seq,5000000,8,1000,16,100
write_seq_5M,2,measurement,rocksdb,PUT,2580229.66,1.938,3098.55,2024.20,65.33,2948.00,3693.00,5037.00,2046.00,52522.00,228.06,1293.67,0.27,738.96,6.881,0.840,266.0,124.31,1.34,0.00,0.22,write,seq,5000000,8,1000,16,100
write_seq_5M,2,measurement,rocksdb,ITER,5203823.35,0.961,0,0,0,0,0,0,0,0,228.06,1293.67,0.27,738.96,6.881,0.840,266.0,124.31,1.34,0.00,0.22,write,seq,5000000,8,1000,16,100
write_seq_5M,3,measurement,rocksdb,PUT,2416634.57,2.069,3308.40,4327.25,130.80,2952.00,3710.00,6529.00,2155.00,92083.00,234.79,1293.67,0.24,739.32,6.999,0.795,257.9,124.38,1.34,0.00,0.22,write,seq,5000000,8,1000,16,100
write_seq_5M,3,measurement,rocksdb,ITER,5272904.44,0.948,0,0,0,0,0,0,0,0,234.79,1293.67,0.24,739.32,6.999,0.795,257.9,124.38,1.34,0.00,0.22,write,seq,5000000,8,1000,16,100
write_random_5M,1,measurement,tidesdb,PUT,2559228.22,1.954,2968.48,1190.53,40.11,2781.00,5149.00,6324.00,707.00,9064.00,1155.08,1821.74,0.03,608.02,17.796,1.217,554.9,43.89,1.10,0.00,0.08,write,random,5000000,8,1000,16,100
write_random_5M,1,measurement,tidesdb,ITER,3397544.66,1.472,0,0,0,0,0,0,0,0,1155.08,1821.74,0.03,608.02,17.796,1.217,554.9,43.89,1.10,0.00,0.08,write,random,5000000,8,1000,16,100
write_random_5M,2,measurement,tidesdb,PUT,2484363.42,2.013,2872.11,1102.94,38.40,2617.00,4902.00,6383.00,814.00,8550.00,1164.31,1807.08,0.00,604.73,17.017,1.149,527.3,43.89,1.09,0.00,0.08,write,random,5000000,8,1000,16,100
write_random_5M,2,measurement,tidesdb,ITER,3492134.67,1.432,0,0,0,0,0,0,0,0,1164.31,1807.08,0.00,604.73,17.017,1.149,527.3,43.89,1.09,0.00,0.08,write,random,5000000,8,1000,16,100
write_random_5M,3,measurement,tidesdb,PUT,2644772.18,1.891,2851.92,1089.12,38.19,2585.00,5046.00,6045.00,696.00,8212.00,1156.15,1819.11,0.01,607.47,17.319,1.213,550.0,43.90,1.10,0.00,0.08,write,random,5000000,8,1000,16,100
write_random_5M,3,measurement,tidesdb,ITER,3382837.78,1.478,0,0,0,0,0,0,0,0,1156.15,1819.11,0.01,607.47,17.319,1.213,550.0,43.90,1.10,0.00,0.08,write,random,5000000,8,1000,16,100
write_random_5M,1,measurement,rocksdb,PUT,1849384.64,2.704,4322.92,1296.02,29.98,4239.00,5615.00,8091.00,2390.00,27304.00,232.66,1293.80,0.23,690.19,10.005,0.883,268.0,80.42,1.25,0.00,0.15,write,random,5000000,8,1000,16,100
write_random_5M,1,measurement,rocksdb,ITER,3690489.02,1.355,0,0,0,0,0,0,0,0,232.66,1293.80,0.23,690.19,10.005,0.883,268.0,80.42,1.25,0.00,0.15,write,random,5000000,8,1000,16,100
write_random_5M,2,measurement,rocksdb,PUT,1769144.98,2.826,4518.22,1071.43,23.71,4393.00,6218.00,8978.00,2554.00,12884.00,237.66,1293.80,0.26,690.51,10.624,0.888,275.2,79.89,1.25,0.00,0.14,write,random,5000000,8,1000,16,100
write_random_5M,2,measurement,rocksdb,ITER,3698807.58,1.352,0,0,0,0,0,0,0,0,237.66,1293.80,0.26,690.51,10.624,0.888,275.2,79.89,1.25,0.00,0.14,write,random,5000000,8,1000,16,100
write_random_5M,3,measurement,rocksdb,PUT,1844197.07,2.711,4335.25,982.85,22.67,4196.00,6127.00,7323.00,2360.00,12765.00,177.46,1293.80,0.23,691.76,10.050,0.873,270.8,74.19,1.25,0.00,0.13,write,random,5000000,8,1000,16,100
write_random_5M,3,measurement,rocksdb,ITER,3804850.73,1.314,0,0,0,0,0,0,0,0,177.46,1293.80,0.23,691.76,10.050,0.873,270.8,74.19,1.25,0.00,0.13,write,random,5000000,8,1000,16,100
write_zipfian_5M,1,measurement,tidesdb,PUT,3131121.34,1.597,2303.48,2955.07,128.29,2255.00,3545.00,4100.00,754.00,121525.00,586.11,1105.44,0.00,576.93,9.942,1.566,641.9,10.22,1.04,0.00,0.02,write,zipfian,5000000,8,1000,16,100
write_zipfian_5M,1,measurement,tidesdb,ITER,3359823.96,0.195,0,0,0,0,0,0,0,0,586.11,1105.44,0.00,576.93,9.942,1.566,641.9,10.22,1.04,0.00,0.02,write,zipfian,5000000,8,1000,16,100
write_zipfian_5M,2,measurement,tidesdb,PUT,2980451.81,1.678,2421.27,2571.63,106.21,2423.00,3697.00,4314.00,717.00,130796.00,583.26,1105.44,0.00,576.93,10.235,1.734,645.0,10.20,1.04,0.00,0.02,write,zipfian,5000000,8,1000,16,100
write_zipfian_5M,2,measurement,tidesdb,ITER,3693068.80,0.177,0,0,0,0,0,0,0,0,583.26,1105.44,0.00,576.93,10.235,1.734,645.0,10.20,1.04,0.00,0.02,write,zipfian,5000000,8,1000,16,100
write_zipfian_5M,3,measurement,tidesdb,PUT,3144559.16,1.590,2315.40,2453.78,105.98,2266.00,3543.00,4096.00,677.00,121960.00,593.21,1105.44,0.00,576.93,9.905,1.626,649.0,10.18,1.04,0.00,0.02,write,zipfian,5000000,8,1000,16,100
write_zipfian_5M,3,measurement,tidesdb,ITER,3512249.57,0.186,0,0,0,0,0,0,0,0,593.21,1105.44,0.00,576.93,9.905,1.626,649.0,10.18,1.04,0.00,0.02,write,zipfian,5000000,8,1000,16,100
write_zipfian_5M,1,measurement,rocksdb,PUT,1383991.10,3.613,5715.03,2158.03,37.76,5684.00,8252.00,10987.00,1323.00,76524.00,198.48,1293.67,0.29,678.54,10.532,1.158,295.2,63.70,1.23,0.00,0.12,write,zipfian,5000000,8,1000,16,100
write_zipfian_5M,1,measurement,rocksdb,ITER,1889663.01,0.347,0,0,0,0,0,0,0,0,198.48,1293.67,0.29,678.54,10.532,1.158,295.2,63.70,1.23,0.00,0.12,write,zipfian,5000000,8,1000,16,100
write_zipfian_5M,2,measurement,rocksdb,PUT,1492375.60,3.350,5305.03,1686.21,31.79,5527.00,7177.00,8244.00,1179.00,73724.00,175.04,1293.67,0.24,680.00,9.827,1.182,299.1,53.05,1.23,0.00,0.10,write,zipfian,5000000,8,1000,16,100
write_zipfian_5M,2,measurement,rocksdb,ITER,1993654.48,0.329,0,0,0,0,0,0,0,0,175.04,1293.67,0.24,680.00,9.827,1.182,299.1,53.05,1.23,0.00,0.10,write,zipfian,5000000,8,1000,16,100
write_zipfian_5M,3,measurement,rocksdb,PUT,1480393.67,3.377,5358.19,1777.40,33.17,5467.00,7475.00,9175.00,1239.00,75880.00,182.30,1293.67,0.22,679.62,10.432,1.035,284.9,62.34,1.23,0.00,0.11,write,zipfian,5000000,8,1000,16,100
write_zipfian_5M,3,measurement,rocksdb,ITER,1024311.15,0.641,0,0,0,0,0,0,0,0,182.30,1293.67,0.22,679.62,10.432,1.035,284.9,62.34,1.23,0.00,0.11,write,zipfian,5000000,8,1000,16,100
read_random_warm_5M,1,warm_cache,tidesdb,GET,3061808.11,1.633,2.41,3.97,165.23,2.00,3.00,5.00,0.00,705.00,850.21,1240.66,0.00,0.00,11.588,1.989,504.4,43.79,0.00,0.00,0.00,read,random,5000000,8,1000,16,100
read_random_warm_5M,1,warm_cache,tidesdb,ITER,6832010.43,0.732,0,0,0,0,0,0,0,0,850.21,1240.66,0.00,0.00,11.588,1.989,504.4,43.79,0.00,0.00,0.00,read,random,5000000,8,1000,16,100
read_random_warm_5M,2,warm_cache,tidesdb,GET,3023190.29,1.654,2.46,3.65,148.13,2.00,4.00,5.00,0.00,569.00,849.83,1240.64,0.00,0.00,12.015,1.830,520.5,43.88,0.00,0.00,0.00,read,random,5000000,8,1000,16,100
read_random_warm_5M,2,warm_cache,tidesdb,ITER,7361417.63,0.679,0,0,0,0,0,0,0,0,849.83,1240.64,0.00,0.00,12.015,1.830,520.5,43.88,0.00,0.00,0.00,read,random,5000000,8,1000,16,100
read_random_warm_5M,3,warm_cache,tidesdb,GET,3100006.20,1.613,2.37,4.00,168.86,2.00,3.00,5.00,0.00,2265.00,851.35,1112.84,0.00,0.00,11.709,1.656,509.4,43.74,0.00,0.00,0.00,read,random,5000000,8,1000,16,100
read_random_warm_5M,3,warm_cache,tidesdb,ITER,7305370.32,0.684,0,0,0,0,0,0,0,0,851.35,1112.84,0.00,0.00,11.709,1.656,509.4,43.74,0.00,0.00,0.00,read,random,5000000,8,1000,16,100
read_random_warm_5M,1,warm_cache,rocksdb,GET,1772311.81,2.821,4.21,4.90,116.23,4.00,8.00,13.00,0.00,5545.00,234.54,1302.43,0.00,0.00,20.254,2.615,548.0,52.99,0.00,0.00,0.00,read,random,5000000,8,1000,16,100
read_random_warm_5M,1,warm_cache,rocksdb,ITER,4967117.68,1.007,0,0,0,0,0,0,0,0,234.54,1302.43,0.00,0.00,20.254,2.615,548.0,52.99,0.00,0.00,0.00,read,random,5000000,8,1000,16,100
read_random_warm_5M,2,warm_cache,rocksdb,GET,1794294.22,2.787,3.91,2.67,68.40,4.00,8.00,11.00,0.00,586.00,221.36,1302.43,0.00,0.00,18.605,2.774,514.7,53.04,0.00,0.00,0.00,read,random,5000000,8,1000,16,100
read_random_warm_5M,2,warm_cache,rocksdb,ITER,4984349.14,1.003,0,0,0,0,0,0,0,0,221.36,1302.43,0.00,0.00,18.605,2.774,514.7,53.04,0.00,0.00,0.00,read,random,5000000,8,1000,16,100
read_random_warm_5M,3,warm_cache,rocksdb,GET,1804532.99,2.771,4.07,2.72,66.81,4.00,8.00,12.00,1.00,918.00,199.28,1302.30,0.00,0.00,19.599,2.635,534.0,52.92,0.00,0.00,0.00,read,random,5000000,8,1000,16,100
read_random_warm_5M,3,warm_cache,rocksdb,ITER,4797083.37,1.042,0,0,0,0,0,0,0,0,199.28,1302.30,0.00,0.00,19.599,2.635,534.0,52.92,0.00,0.00,0.00,read,random,5000000,8,1000,16,100
read_seq_warm_5M,1,warm_cache,tidesdb,GET,5062891.23,0.988,1.44,2.91,201.87,1.00,2.00,3.00,0.00,681.00,845.55,1112.77,0.00,0.00,6.834,1.854,444.5,55.30,0.00,0.00,0.00,read,seq,5000000,8,1000,16,100
read_seq_warm_5M,1,warm_cache,tidesdb,ITER,7575677.23,0.660,0,0,0,0,0,0,0,0,845.55,1112.77,0.00,0.00,6.834,1.854,444.5,55.30,0.00,0.00,0.00,read,seq,5000000,8,1000,16,100
read_seq_warm_5M,2,warm_cache,tidesdb,GET,5026762.48,0.995,1.47,3.00,204.13,1.00,2.00,3.00,0.00,589.00,846.04,1112.79,0.00,0.00,7.144,1.739,441.7,55.30,0.00,0.00,0.00,read,seq,5000000,8,1000,16,100
read_seq_warm_5M,2,warm_cache,tidesdb,ITER,7143500.06,0.700,0,0,0,0,0,0,0,0,846.04,1112.79,0.00,0.00,7.144,1.739,441.7,55.30,0.00,0.00,0.00,read,seq,5000000,8,1000,16,100
read_seq_warm_5M,3,warm_cache,tidesdb,GET,4616263.84,1.083,1.56,3.38,216.76,1.00,2.00,3.00,0.00,550.00,845.30,1112.61,0.00,0.00,7.471,1.854,448.2,55.30,0.00,0.00,0.00,read,seq,5000000,8,1000,16,100
read_seq_warm_5M,3,warm_cache,tidesdb,ITER,7526572.56,0.664,0,0,0,0,0,0,0,0,845.30,1112.61,0.00,0.00,7.471,1.854,448.2,55.30,0.00,0.00,0.00,read,seq,5000000,8,1000,16,100
read_seq_warm_5M,1,warm_cache,rocksdb,GET,3448727.76,1.450,1.94,1.85,94.94,2.00,4.00,6.00,0.00,2725.00,197.40,1293.21,0.01,87.18,13.193,0.571,474.0,87.33,0.00,0.00,0.00,read,seq,5000000,8,1000,16,100
read_seq_warm_5M,1,warm_cache,rocksdb,ITER,4580230.99,1.092,0,0,0,0,0,0,0,0,197.40,1293.21,0.01,87.18,13.193,0.571,474.0,87.33,0.00,0.00,0.00,read,seq,5000000,8,1000,16,100
read_seq_warm_5M,2,warm_cache,rocksdb,GET,3129482.98,1.598,1.95,1.31,67.27,2.00,4.00,6.00,0.00,625.00,209.00,1293.34,0.00,87.18,13.349,0.452,469.6,87.33,0.00,0.00,0.00,read,seq,5000000,8,1000,16,100
read_seq_warm_5M,2,warm_cache,rocksdb,ITER,4949059.33,1.010,0,0,0,0,0,0,0,0,209.00,1293.34,0.00,87.18,13.349,0.452,469.6,87.33,0.00,0.00,0.00,read,seq,5000000,8,1000,16,100
read_seq_warm_5M,3,warm_cache,rocksdb,GET,3095643.62,1.615,1.96,1.30,66.53,2.00,4.00,6.00,0.00,544.00,201.19,1293.34,0.00,87.18,13.445,0.542,472.8,87.33,0.00,0.00,0.00,read,seq,5000000,8,1000,16,100
read_seq_warm_5M,3,warm_cache,rocksdb,ITER,4944781.62,1.011,0,0,0,0,0,0,0,0,201.19,1293.34,0.00,87.18,13.445,0.542,472.8,87.33,0.00,0.00,0.00,read,seq,5000000,8,1000,16,100
read_zipfian_warm_5M,1,warm_cache,tidesdb,GET,3057191.49,1.635,1.77,3.26,183.72,2.00,3.00,3.00,0.00,5729.00,130.07,594.62,0.00,0.00,9.963,2.452,604.4,10.15,0.00,0.00,0.00,read,zipfian,5000000,8,1000,16,100
read_zipfian_warm_5M,1,warm_cache,tidesdb,ITER,7559641.86,0.086,0,0,0,0,0,0,0,0,130.07,594.62,0.00,0.00,9.963,2.452,604.4,10.15,0.00,0.00,0.00,read,zipfian,5000000,8,1000,16,100
read_zipfian_warm_5M,2,warm_cache,tidesdb,GET,3205356.28,1.560,1.72,2.01,116.86,2.00,3.00,3.00,0.00,517.00,130.00,594.63,0.00,0.00,9.816,2.238,617.0,10.20,0.00,0.00,0.00,read,zipfian,5000000,8,1000,16,100
read_zipfian_warm_5M,2,warm_cache,tidesdb,ITER,7731738.97,0.085,0,0,0,0,0,0,0,0,130.00,594.63,0.00,0.00,9.816,2.238,617.0,10.20,0.00,0.00,0.00,read,zipfian,5000000,8,1000,16,100
read_zipfian_warm_5M,3,warm_cache,tidesdb,GET,3186927.99,1.569,1.71,1.70,99.38,2.00,3.00,3.00,0.00,424.00,130.48,594.63,0.00,0.00,9.958,2.098,615.3,10.18,0.00,0.00,0.00,read,zipfian,5000000,8,1000,16,100
read_zipfian_warm_5M,3,warm_cache,tidesdb,ITER,7714789.11,0.085,0,0,0,0,0,0,0,0,130.48,594.63,0.00,0.00,9.958,2.098,615.3,10.18,0.00,0.00,0.00,read,zipfian,5000000,8,1000,16,100
read_zipfian_warm_5M,1,warm_cache,rocksdb,GET,2199978.97,2.273,3.05,2.09,68.65,2.00,6.00,9.00,0.00,330.00,153.98,1296.48,0.00,0.00,15.780,2.171,614.6,36.37,0.00,0.00,0.00,read,zipfian,5000000,8,1000,16,100
read_zipfian_warm_5M,1,warm_cache,rocksdb,ITER,2231941.40,0.294,0,0,0,0,0,0,0,0,153.98,1296.48,0.00,0.00,15.780,2.171,614.6,36.37,0.00,0.00,0.00,read,zipfian,5000000,8,1000,16,100
read_zipfian_warm_5M,2,warm_cache,rocksdb,GET,1988645.63,2.514,3.43,2.45,71.59,3.00,8.00,10.00,0.00,505.00,154.99,1296.16,0.00,0.00,17.616,2.400,628.1,37.49,0.00,0.00,0.00,read,zipfian,5000000,8,1000,16,100
read_zipfian_warm_5M,2,warm_cache,rocksdb,ITER,2145035.05,0.306,0,0,0,0,0,0,0,0,154.99,1296.16,0.00,0.00,17.616,2.400,628.1,37.49,0.00,0.00,0.00,read,zipfian,5000000,8,1000,16,100
read_zipfian_warm_5M,3,warm_cache,rocksdb,GET,2216802.39,2.256,3.07,2.15,70.15,2.00,6.00,9.00,0.00,865.00,154.57,1296.36,0.00,0.00,15.900,2.147,612.4,36.54,0.00,0.00,0.00,read,zipfian,5000000,8,1000,16,100
read_zipfian_warm_5M,3,warm_cache,rocksdb,ITER,2080660.85,0.316,0,0,0,0,0,0,0,0,154.57,1296.36,0.00,0.00,15.900,2.147,612.4,36.54,0.00,0.00,0.00,read,zipfian,5000000,8,1000,16,100
read_random_cold_5M,1,cold_cache,tidesdb,GET,2873967.89,1.740,2.52,4.77,189.52,2.00,4.00,5.00,0.00,2637.00,850.91,1240.84,3.30,0.00,12.403,1.677,512.0,43.97,0.00,0.01,0.00,read,random,5000000,8,1000,16,100
read_random_cold_5M,1,cold_cache,tidesdb,ITER,7236141.34,0.691,0,0,0,0,0,0,0,0,850.91,1240.84,3.30,0.00,12.403,1.677,512.0,43.97,0.00,0.01,0.00,read,random,5000000,8,1000,16,100
read_random_cold_5M,2,cold_cache,tidesdb,GET,2944384.12,1.698,2.44,4.05,165.98,2.00,4.00,5.00,0.00,1633.00,850.24,1112.66,1.93,0.00,12.159,1.558,504.6,43.70,0.00,0.00,0.00,read,random,5000000,8,1000,16,100
read_random_cold_5M,2,cold_cache,tidesdb,ITER,7211053.10,0.693,0,0,0,0,0,0,0,0,850.24,1112.66,1.93,0.00,12.159,1.558,504.6,43.70,0.00,0.00,0.00,read,random,5000000,8,1000,16,100
read_random_cold_5M,3,cold_cache,tidesdb,GET,2776556.09,1.801,2.52,4.29,169.93,2.00,4.00,5.00,0.00,743.00,849.69,1112.62,2.00,0.00,12.564,1.588,497.7,43.53,0.00,0.00,0.00,read,random,5000000,8,1000,16,100
read_random_cold_5M,3,cold_cache,tidesdb,ITER,7095650.79,0.705,0,0,0,0,0,0,0,0,849.69,1112.62,2.00,0.00,12.564,1.588,497.7,43.53,0.00,0.00,0.00,read,random,5000000,8,1000,16,100
read_random_cold_5M,1,cold_cache,rocksdb,GET,1611875.78,3.102,4.37,13.27,303.76,4.00,8.00,13.00,0.00,9231.00,210.73,1302.40,41.56,0.00,19.867,2.281,491.0,52.97,0.00,0.08,0.00,read,random,5000000,8,1000,16,100
read_random_cold_5M,1,cold_cache,rocksdb,ITER,4712864.05,1.061,0,0,0,0,0,0,0,0,210.73,1302.40,41.56,0.00,19.867,2.281,491.0,52.97,0.00,0.08,0.00,read,random,5000000,8,1000,16,100
read_random_cold_5M,2,cold_cache,rocksdb,GET,1841501.25,2.715,4.17,30.55,732.82,4.00,8.00,13.00,0.00,24358.00,225.59,1302.78,41.91,0.00,19.166,2.060,508.2,52.78,0.00,0.08,0.00,read,random,5000000,8,1000,16,100
read_random_cold_5M,2,cold_cache,rocksdb,ITER,4561823.20,1.096,0,0,0,0,0,0,0,0,225.59,1302.78,41.91,0.00,19.166,2.060,508.2,52.78,0.00,0.08,0.00,read,random,5000000,8,1000,16,100
read_random_cold_5M,3,cold_cache,rocksdb,GET,1850398.95,2.702,4.15,8.65,208.31,4.00,8.00,13.00,1.00,4220.00,213.34,1302.40,41.57,0.00,19.607,1.947,489.7,53.02,0.00,0.08,0.00,read,random,5000000,8,1000,16,100
read_random_cold_5M,3,cold_cache,rocksdb,ITER,3741299.61,1.336,0,0,0,0,0,0,0,0,213.34,1302.40,41.57,0.00,19.607,1.947,489.7,53.02,0.00,0.08,0.00,read,random,5000000,8,1000,16,100
read_seq_cold_5M,1,cold_cache,tidesdb,GET,3983638.40,1.255,1.68,5.02,298.30,1.00,3.00,4.00,0.00,2524.00,843.47,1112.81,27.50,0.00,8.229,1.772,430.6,55.31,0.00,0.05,0.00,read,seq,5000000,8,1000,16,100
read_seq_cold_5M,1,cold_cache,tidesdb,ITER,7120032.35,0.702,0,0,0,0,0,0,0,0,843.47,1112.81,27.50,0.00,8.229,1.772,430.6,55.31,0.00,0.05,0.00,read,seq,5000000,8,1000,16,100
read_seq_cold_5M,2,cold_cache,tidesdb,GET,4166826.40,1.200,1.73,7.40,427.83,2.00,3.00,3.00,0.00,10899.00,842.85,1112.78,27.34,0.00,8.247,1.932,459.9,55.31,0.00,0.05,0.00,read,seq,5000000,8,1000,16,100
read_seq_cold_5M,2,cold_cache,tidesdb,ITER,7278168.70,0.687,0,0,0,0,0,0,0,0,842.85,1112.78,27.34,0.00,8.247,1.932,459.9,55.31,0.00,0.05,0.00,read,seq,5000000,8,1000,16,100
read_seq_cold_5M,3,cold_cache,tidesdb,GET,4175410.67,1.197,1.69,10.13,600.79,1.00,3.00,4.00,0.00,11171.00,844.13,1112.65,27.49,0.00,8.023,1.891,449.2,55.31,0.00,0.05,0.00,read,seq,5000000,8,1000,16,100
read_seq_cold_5M,3,cold_cache,tidesdb,ITER,7312870.95,0.684,0,0,0,0,0,0,0,0,844.13,1112.65,27.49,0.00,8.023,1.891,449.2,55.31,0.00,0.05,0.00,read,seq,5000000,8,1000,16,100
read_seq_cold_5M,1,cold_cache,rocksdb,GET,2625508.50,1.904,2.56,23.44,914.59,2.00,4.00,7.00,0.00,6810.00,197.43,1293.78,85.11,87.18,14.723,0.598,453.8,87.29,0.00,0.15,0.00,read,seq,5000000,8,1000,16,100
read_seq_cold_5M,1,cold_cache,rocksdb,ITER,4879486.44,1.025,0,0,0,0,0,0,0,0,197.43,1293.78,85.11,87.18,14.723,0.598,453.8,87.29,0.00,0.15,0.00,read,seq,5000000,8,1000,16,100
read_seq_cold_5M,2,cold_cache,rocksdb,GET,2058094.24,2.429,3.05,54.29,1777.43,2.00,4.00,7.00,1.00,31885.00,225.29,1292.61,85.18,87.18,14.993,0.587,424.6,87.29,0.00,0.15,0.00,read,seq,5000000,8,1000,16,100
read_seq_cold_5M,2,cold_cache,rocksdb,ITER,5598251.55,0.893,0,0,0,0,0,0,0,0,225.29,1292.61,85.18,87.18,14.993,0.587,424.6,87.29,0.00,0.15,0.00,read,seq,5000000,8,1000,16,100
read_seq_cold_5M,3,cold_cache,rocksdb,GET,2098487.03,2.383,2.69,77.37,2875.79,2.00,4.00,7.00,0.00,100487.00,213.16,1292.49,86.11,87.18,14.234,0.650,416.5,87.29,0.00,0.16,0.00,read,seq,5000000,8,1000,16,100
read_seq_cold_5M,3,cold_cache,rocksdb,ITER,5851847.60,0.854,0,0,0,0,0,0,0,0,213.16,1292.49,86.11,87.18,14.234,0.650,416.5,87.29,0.00,0.16,0.00,read,seq,5000000,8,1000,16,100
overwrite_5M,1,overwrite,tidesdb,PUT,6735757.58,0.742,1028.49,357.95,34.80,925.00,1549.00,2529.00,570.00,6695.00,1171.80,2122.66,0.03,652.14,8.735,0.827,450.8,103.92,1.18,0.00,0.19,write,seq,5000000,8,1000,16,100
overwrite_5M,1,overwrite,tidesdb,ITER,3627902.05,1.378,0,0,0,0,0,0,0,0,1171.80,2122.66,0.03,652.14,8.735,0.827,450.8,103.92,1.18,0.00,0.19,write,seq,5000000,8,1000,16,100
overwrite_5M,2,overwrite,tidesdb,PUT,7062885.10,0.708,1035.05,407.98,39.42,913.00,1521.00,2811.00,504.00,7174.00,1170.31,2091.68,0.02,646.82,8.519,0.706,443.9,103.91,1.17,0.00,0.19,write,seq,5000000,8,1000,16,100
overwrite_5M,2,overwrite,tidesdb,ITER,3650631.63,1.370,0,0,0,0,0,0,0,0,1170.31,2091.68,0.02,646.82,8.519,0.706,443.9,103.91,1.17,0.00,0.19,write,seq,5000000,8,1000,16,100
overwrite_5M,3,overwrite,tidesdb,PUT,8162399.09,0.613,895.31,289.57,32.34,822.00,1308.00,2116.00,526.00,4478.00,1213.85,2145.31,0.04,657.60,8.087,0.886,450.1,103.92,1.19,0.00,0.19,write,seq,5000000,8,1000,16,100
overwrite_5M,3,overwrite,tidesdb,ITER,3623558.64,1.380,0,0,0,0,0,0,0,0,1213.85,2145.31,0.04,657.60,8.087,0.886,450.1,103.92,1.19,0.00,0.19,write,seq,5000000,8,1000,16,100
overwrite_5M,1,overwrite,rocksdb,PUT,1448235.99,3.452,5521.89,50473.21,914.06,3147.00,4452.00,8671.00,1904.00,1264542.00,223.07,1294.13,0.19,882.07,11.718,1.149,237.8,215.78,1.59,0.00,0.39,write,seq,5000000,8,1000,16,100
overwrite_5M,1,overwrite,rocksdb,ITER,2562995.88,1.951,0,0,0,0,0,0,0,0,223.07,1294.13,0.19,882.07,11.718,1.149,237.8,215.78,1.59,0.00,0.39,write,seq,5000000,8,1000,16,100
overwrite_5M,2,overwrite,rocksdb,PUT,1465948.08,3.411,5453.13,43343.04,794.83,3220.00,4786.00,7066.00,414.00,1073645.00,221.53,1294.16,0.07,873.61,11.988,1.220,240.1,216.62,1.58,0.00,0.39,write,seq,5000000,8,1000,16,100
overwrite_5M,2,overwrite,rocksdb,ITER,2414544.44,2.071,0,0,0,0,0,0,0,0,221.53,1294.16,0.07,873.61,11.988,1.220,240.1,216.62,1.58,0.00,0.39,write,seq,5000000,8,1000,16,100
overwrite_5M,3,overwrite,rocksdb,PUT,2303916.01,2.170,3469.85,10521.69,303.23,2940.00,3873.00,6379.00,2118.00,266432.00,247.39,1294.14,0.18,872.57,11.183,1.081,292.2,217.08,1.58,0.00,0.39,write,seq,5000000,8,1000,16,100
overwrite_5M,3,overwrite,rocksdb,ITER,2483150.58,2.014,0,0,0,0,0,0,0,0,247.39,1294.14,0.18,872.57,11.183,1.081,292.2,217.08,1.58,0.00,0.39,write,seq,5000000,8,1000,16,100
mixed_random_5M,1,measurement,tidesdb,PUT,2705427.14,1.848,2800.87,1044.13,37.28,2568.00,4738.00,6548.00,787.00,9475.00,1279.16,1821.91,0.01,608.02,41.111,1.589,618.0,43.92,1.10,0.00,0.08,mixed,random,5000000,8,1000,16,100
mixed_random_5M,1,measurement,tidesdb,GET,1647043.24,3.036,4.64,4.37,94.14,4.00,9.00,12.00,0.00,4031.00,1279.16,1821.91,0.01,608.02,41.111,1.589,618.0,43.92,1.10,0.00,0.08,mixed,random,5000000,8,1000,16,100
mixed_random_5M,1,measurement,tidesdb,ITER,3008637.20,1.662,0,0,0,0,0,0,0,0,1279.16,1821.91,0.01,608.02,41.111,1.589,618.0,43.92,1.10,0.00,0.08,mixed,random,5000000,8,1000,16,100
mixed_random_5M,2,measurement,tidesdb,PUT,2777483.06,1.800,2651.43,992.01,37.41,2451.00,4522.00,6302.00,723.00,8816.00,1287.36,1811.34,0.00,605.60,40.608,1.436,593.8,43.83,1.09,0.00,0.08,mixed,random,5000000,8,1000,16,100
mixed_random_5M,2,measurement,tidesdb,GET,1522111.72,3.285,4.69,3.46,73.78,5.00,10.00,12.00,0.00,683.00,1287.36,1811.34,0.00,605.60,40.608,1.436,593.8,43.83,1.09,0.00,0.08,mixed,random,5000000,8,1000,16,100
mixed_random_5M,2,measurement,tidesdb,ITER,3071211.57,1.628,0,0,0,0,0,0,0,0,1287.36,1811.34,0.00,605.60,40.608,1.436,593.8,43.83,1.09,0.00,0.08,mixed,random,5000000,8,1000,16,100
mixed_random_5M,3,measurement,tidesdb,PUT,2597054.52,1.925,2949.51,1075.55,36.47,2788.00,4930.00,6691.00,935.00,8955.00,1278.56,1796.95,0.00,602.72,40.970,1.419,613.1,44.09,1.09,0.00,0.08,mixed,random,5000000,8,1000,16,100
mixed_random_5M,3,measurement,tidesdb,GET,1621688.59,3.083,4.52,5.06,111.90,4.00,10.00,13.00,0.00,3192.00,1278.56,1796.95,0.00,602.72,40.970,1.419,613.1,44.09,1.09,0.00,0.08,mixed,random,5000000,8,1000,16,100
mixed_random_5M,3,measurement,tidesdb,ITER,3229342.06,1.548,0,0,0,0,0,0,0,0,1278.56,1796.95,0.00,602.72,40.970,1.419,613.1,44.09,1.09,0.00,0.08,mixed,random,5000000,8,1000,16,100
mixed_random_5M,1,measurement,rocksdb,PUT,1804040.11,2.772,4430.21,1139.21,25.71,4265.00,6368.00,8921.00,2298.00,14711.00,338.31,1293.12,0.28,690.30,37.367,3.391,498.1,80.53,1.25,0.00,0.15,mixed,random,5000000,8,1000,16,100
mixed_random_5M,1,measurement,rocksdb,GET,1351312.64,3.700,5.63,4.11,72.92,5.00,11.00,16.00,0.00,2915.00,338.31,1293.12,0.28,690.30,37.367,3.391,498.1,80.53,1.25,0.00,0.15,mixed,random,5000000,8,1000,16,100
mixed_random_5M,1,measurement,rocksdb,ITER,4007081.31,1.248,0,0,0,0,0,0,0,0,338.31,1293.12,0.28,690.30,37.367,3.391,498.1,80.53,1.25,0.00,0.15,mixed,random,5000000,8,1000,16,100
mixed_random_5M,2,measurement,rocksdb,PUT,1892498.51,2.642,4224.04,1271.40,30.10,4016.00,6152.00,10160.00,2349.00,14179.00,352.30,1292.74,0.25,689.36,34.778,3.105,489.9,83.02,1.25,0.00,0.15,mixed,random,5000000,8,1000,16,100
mixed_random_5M,2,measurement,rocksdb,GET,1375964.00,3.634,5.18,5.86,113.01,5.00,11.00,16.00,0.00,7472.00,352.30,1292.74,0.25,689.36,34.778,3.105,489.9,83.02,1.25,0.00,0.15,mixed,random,5000000,8,1000,16,100
mixed_random_5M,2,measurement,rocksdb,ITER,4541693.20,1.101,0,0,0,0,0,0,0,0,352.30,1292.74,0.25,689.36,34.778,3.105,489.9,83.02,1.25,0.00,0.15,mixed,random,5000000,8,1000,16,100
mixed_random_5M,3,measurement,rocksdb,PUT,1648010.09,3.034,4850.75,13846.50,285.45,4113.00,5902.00,10624.00,2451.00,350038.00,366.64,1292.74,0.33,690.51,37.701,3.037,460.1,79.37,1.25,0.00,0.14,mixed,random,5000000,8,1000,16,100
mixed_random_5M,3,measurement,rocksdb,GET,1196924.19,4.177,5.65,5.89,104.18,5.00,12.00,17.00,0.00,6811.00,366.64,1292.74,0.33,690.51,37.701,3.037,460.1,79.37,1.25,0.00,0.14,mixed,random,5000000,8,1000,16,100
mixed_random_5M,3,measurement,rocksdb,ITER,3917549.68,1.276,0,0,0,0,0,0,0,0,366.64,1292.74,0.33,690.51,37.701,3.037,460.1,79.37,1.25,0.00,0.14,mixed,random,5000000,8,1000,16,100
mixed_zipfian_5M,1,measurement,tidesdb,PUT,3113133.13,1.606,2353.38,2400.35,102.00,2269.00,3673.00,5001.00,706.00,118358.00,622.28,1079.61,0.00,576.93,21.794,2.924,648.7,10.21,1.04,0.00,0.02,mixed,zipfian,5000000,8,1000,16,100
mixed_zipfian_5M,1,measurement,tidesdb,GET,2995536.65,1.669,2.01,1.19,59.42,2.00,4.00,5.00,0.00,893.00,622.28,1079.61,0.00,576.93,21.794,2.924,648.7,10.21,1.04,0.00,0.02,mixed,zipfian,5000000,8,1000,16,100
mixed_zipfian_5M,1,measurement,tidesdb,ITER,3482454.55,0.188,0,0,0,0,0,0,0,0,622.28,1079.61,0.00,576.93,21.794,2.924,648.7,10.21,1.04,0.00,0.02,mixed,zipfian,5000000,8,1000,16,100
mixed_zipfian_5M,2,measurement,tidesdb,PUT,3122757.47,1.601,2326.27,2518.82,108.28,2268.00,3533.00,4221.00,735.00,123777.00,631.19,1143.61,0.00,576.93,21.165,3.165,643.4,10.18,1.04,0.00,0.02,mixed,zipfian,5000000,8,1000,16,100
mixed_zipfian_5M,2,measurement,tidesdb,GET,3015230.53,1.658,1.91,1.09,56.92,2.00,3.00,5.00,0.00,446.00,631.19,1143.61,0.00,576.93,21.165,3.165,643.4,10.18,1.04,0.00,0.02,mixed,zipfian,5000000,8,1000,16,100
mixed_zipfian_5M,2,measurement,tidesdb,ITER,3713497.79,0.176,0,0,0,0,0,0,0,0,631.19,1143.61,0.00,576.93,21.165,3.165,643.4,10.18,1.04,0.00,0.02,mixed,zipfian,5000000,8,1000,16,100
mixed_zipfian_5M,3,measurement,tidesdb,PUT,2843442.34,1.758,2588.27,2527.86,97.67,2479.00,4276.00,5308.00,724.00,123337.00,619.44,1143.61,0.00,576.93,22.879,3.012,655.1,10.19,1.04,0.00,0.02,mixed,zipfian,5000000,8,1000,16,100
mixed_zipfian_5M,3,measurement,tidesdb,GET,3004739.07,1.664,1.99,1.44,72.26,2.00,4.00,5.00,0.00,1414.00,619.44,1143.61,0.00,576.93,22.879,3.012,655.1,10.19,1.04,0.00,0.02,mixed,zipfian,5000000,8,1000,16,100
mixed_zipfian_5M,3,measurement,tidesdb,ITER,3714258.14,0.176,0,0,0,0,0,0,0,0,619.44,1143.61,0.00,576.93,22.879,3.012,655.1,10.19,1.04,0.00,0.02,mixed,zipfian,5000000,8,1000,16,100
mixed_zipfian_5M,1,measurement,rocksdb,PUT,1425268.88,3.508,5551.84,1916.07,34.51,5642.00,7999.00,10422.00,1228.00,75159.00,228.46,1292.48,0.29,679.94,31.738,3.093,483.2,53.82,1.23,0.00,0.10,mixed,zipfian,5000000,8,1000,16,100
mixed_zipfian_5M,1,measurement,rocksdb,GET,1686795.76,2.964,4.26,6.88,161.50,4.00,9.00,12.00,0.00,6750.00,228.46,1292.48,0.29,679.94,31.738,3.093,483.2,53.82,1.23,0.00,0.10,mixed,zipfian,5000000,8,1000,16,100
mixed_zipfian_5M,1,measurement,rocksdb,ITER,1976022.10,0.332,0,0,0,0,0,0,0,0,228.46,1292.48,0.29,679.94,31.738,3.093,483.2,53.82,1.23,0.00,0.10,mixed,zipfian,5000000,8,1000,16,100
mixed_zipfian_5M,2,measurement,rocksdb,PUT,1477130.18,3.385,5361.06,1778.62,33.18,5425.00,7421.00,10062.00,1267.00,76373.00,251.24,1292.48,0.29,679.07,31.154,2.999,482.3,63.11,1.23,0.00,0.11,mixed,zipfian,5000000,8,1000,16,100
mixed_zipfian_5M,2,measurement,rocksdb,GET,1683633.20,2.970,4.12,3.12,75.65,4.00,9.00,12.00,0.00,1192.00,251.24,1292.48,0.29,679.07,31.154,2.999,482.3,63.11,1.23,0.00,0.11,mixed,zipfian,5000000,8,1000,16,100
mixed_zipfian_5M,2,measurement,rocksdb,ITER,2003551.48,0.328,0,0,0,0,0,0,0,0,251.24,1292.48,0.29,679.07,31.154,2.999,482.3,63.11,1.23,0.00,0.11,mixed,zipfian,5000000,8,1000,16,100
mixed_zipfian_5M,3,measurement,rocksdb,PUT,1397174.13,3.579,5680.91,1900.93,33.46,5719.00,8248.00,10901.00,1272.00,72780.00,269.45,1292.48,0.23,680.67,33.660,2.788,487.1,55.10,1.23,0.00,0.10,mixed,zipfian,5000000,8,1000,16,100
mixed_zipfian_5M,3,measurement,rocksdb,GET,1567898.96,3.189,4.52,5.96,131.98,4.00,10.00,13.00,0.00,4105.00,269.45,1292.48,0.23,680.67,33.660,2.788,487.1,55.10,1.23,0.00,0.10,mixed,zipfian,5000000,8,1000,16,100
mixed_zipfian_5M,3,measurement,rocksdb,ITER,2052238.81,0.320,0,0,0,0,0,0,0,0,269.45,1292.48,0.23,680.67,33.660,2.788,487.1,55.10,1.23,0.00,0.10,mixed,zipfian,5000000,8,1000,16,100
seek_random_5M,1,measurement,tidesdb,SEEK,1178020.03,4.244,6.54,8.43,128.93,6.00,9.00,13.00,2.00,1129.00,854.55,1240.65,0.00,0.00,33.531,0.629,643.6,43.78,0.00,0.00,0.00,seek,random,5000000,8,1000,16,100
seek_random_5M,1,measurement,tidesdb,ITER,7167811.37,0.698,0,0,0,0,0,0,0,0,854.55,1240.65,0.00,0.00,33.531,0.629,643.6,43.78,0.00,0.00,0.00,seek,random,5000000,8,1000,16,100
seek_random_5M,2,measurement,tidesdb,SEEK,1232200.55,4.058,6.25,8.82,141.19,6.00,9.00,11.00,2.00,1574.00,855.23,1240.61,0.00,0.00,32.055,0.624,637.6,43.90,0.00,0.00,0.00,seek,random,5000000,8,1000,16,100
seek_random_5M,2,measurement,tidesdb,ITER,7140409.00,0.700,0,0,0,0,0,0,0,0,855.23,1240.61,0.00,0.00,32.055,0.624,637.6,43.90,0.00,0.00,0.00,seek,random,5000000,8,1000,16,100
seek_random_5M,3,measurement,tidesdb,SEEK,1268592.49,3.941,6.06,8.50,140.24,6.00,8.00,11.00,2.00,1231.00,854.37,1176.65,0.00,0.00,31.094,0.668,635.0,43.79,0.00,0.00,0.00,seek,random,5000000,8,1000,16,100
seek_random_5M,3,measurement,tidesdb,ITER,7163139.06,0.698,0,0,0,0,0,0,0,0,854.37,1176.65,0.00,0.00,31.094,0.668,635.0,43.79,0.00,0.00,0.00,seek,random,5000000,8,1000,16,100
seek_random_5M,1,measurement,rocksdb,SEEK,853127.16,5.861,9.01,4.75,52.76,8.00,16.00,21.00,3.00,3150.00,242.36,1302.43,0.00,0.00,42.602,4.356,628.1,52.92,0.00,0.00,0.00,seek,random,5000000,8,1000,16,100
seek_random_5M,1,measurement,rocksdb,ITER,4050810.12,1.234,0,0,0,0,0,0,0,0,242.36,1302.43,0.00,0.00,42.602,4.356,628.1,52.92,0.00,0.00,0.00,seek,random,5000000,8,1000,16,100
seek_random_5M,2,measurement,rocksdb,SEEK,773376.18,6.465,9.70,4.27,44.07,9.00,16.00,21.00,3.00,3186.00,268.52,1302.56,0.00,0.00,44.942,5.234,630.9,53.06,0.00,0.00,0.00,seek,random,5000000,8,1000,16,100
seek_random_5M,2,measurement,rocksdb,ITER,4762258.53,1.050,0,0,0,0,0,0,0,0,268.52,1302.56,0.00,0.00,44.942,5.234,630.9,53.06,0.00,0.00,0.00,seek,random,5000000,8,1000,16,100
seek_random_5M,3,measurement,rocksdb,SEEK,863150.58,5.793,8.20,9.25,112.82,7.00,15.00,20.00,3.00,6014.00,274.78,1302.55,0.00,0.00,38.504,4.010,588.9,52.79,0.00,0.00,0.00,seek,random,5000000,8,1000,16,100
seek_random_5M,3,measurement,rocksdb,ITER,4765440.26,1.049,0,0,0,0,0,0,0,0,274.78,1302.55,0.00,0.00,38.504,4.010,588.9,52.79,0.00,0.00,0.00,seek,random,5000000,8,1000,16,100
seek_seq_5M,1,measurement,tidesdb,SEEK,3185888.30,1.569,2.08,3.56,171.03,2.00,3.00,4.00,1.00,1725.00,845.77,1112.63,0.00,0.00,11.263,0.604,471.5,55.31,0.00,0.00,0.00,seek,seq,5000000,8,1000,16,100
seek_seq_5M,1,measurement,tidesdb,ITER,7691195.43,0.650,0,0,0,0,0,0,0,0,845.77,1112.63,0.00,0.00,11.263,0.604,471.5,55.31,0.00,0.00,0.00,seek,seq,5000000,8,1000,16,100
seek_seq_5M,2,measurement,tidesdb,SEEK,3940563.69,1.269,1.71,3.00,175.75,2.00,3.00,3.00,1.00,798.00,843.65,1112.77,0.00,0.00,9.442,0.479,442.4,55.31,0.00,0.00,0.00,seek,seq,5000000,8,1000,16,100
seek_seq_5M,2,measurement,tidesdb,ITER,7463499.75,0.670,0,0,0,0,0,0,0,0,843.65,1112.77,0.00,0.00,9.442,0.479,442.4,55.31,0.00,0.00,0.00,seek,seq,5000000,8,1000,16,100
seek_seq_5M,3,measurement,tidesdb,SEEK,3402779.53,1.469,1.98,3.22,162.91,2.00,3.00,3.00,1.00,756.00,844.87,1112.66,0.00,0.00,11.155,0.439,422.9,55.31,0.00,0.00,0.00,seek,seq,5000000,8,1000,16,100
seek_seq_5M,3,measurement,tidesdb,ITER,5134524.54,0.974,0,0,0,0,0,0,0,0,844.87,1112.66,0.00,0.00,11.155,0.439,422.9,55.31,0.00,0.00,0.00,seek,seq,5000000,8,1000,16,100
seek_seq_5M,1,measurement,rocksdb,SEEK,1813700.99,2.757,3.71,3.17,85.45,3.00,7.00,10.00,1.00,5235.00,205.21,1292.57,0.02,87.18,22.507,0.478,582.0,87.33,0.00,0.00,0.00,seek,seq,5000000,8,1000,16,100
seek_seq_5M,1,measurement,rocksdb,ITER,5721020.17,0.874,0,0,0,0,0,0,0,0,205.21,1292.57,0.02,87.18,22.507,0.478,582.0,87.33,0.00,0.00,0.00,seek,seq,5000000,8,1000,16,100
seek_seq_5M,2,measurement,rocksdb,SEEK,1795252.20,2.785,3.41,1.92,56.18,3.00,7.00,8.00,1.00,1505.00,205.43,1292.57,0.00,87.18,20.639,0.616,535.0,87.33,0.00,0.00,0.00,seek,seq,5000000,8,1000,16,100
seek_seq_5M,2,measurement,rocksdb,ITER,5765483.21,0.867,0,0,0,0,0,0,0,0,205.43,1292.57,0.00,87.18,20.639,0.616,535.0,87.33,0.00,0.00,0.00,seek,seq,5000000,8,1000,16,100
seek_seq_5M,3,measurement,rocksdb,SEEK,1922070.79,2.601,3.58,2.04,57.03,3.00,7.00,9.00,1.00,1503.00,195.66,1292.57,0.01,87.18,21.603,0.439,579.2,87.33,0.00,0.00,0.00,seek,seq,5000000,8,1000,16,100
seek_seq_5M,3,measurement,rocksdb,ITER,5625866.38,0.889,0,0,0,0,0,0,0,0,195.66,1292.57,0.01,87.18,21.603,0.439,579.2,87.33,0.00,0.00,0.00,seek,seq,5000000,8,1000,16,100
range_10,1,measurement,tidesdb,RANGE,1469568.18,0.340,4.83,4.36,90.11,5.00,7.00,8.00,1.00,445.00,188.93,675.11,0.00,0.00,1.576,1.595,303.2,55.31,0.00,0.00,0.00,range,random,500000,8,1000,16,100
range_10,1,measurement,tidesdb,ITER,7452242.31,0.671,0,0,0,0,0,0,0,0,188.93,675.11,0.00,0.00,1.576,1.595,303.2,55.31,0.00,0.00,0.00,range,random,500000,8,1000,16,100
range_10,2,measurement,tidesdb,RANGE,1492858.17,0.335,5.01,6.25,124.73,5.00,7.00,8.00,1.00,2549.00,177.74,600.80,0.00,0.00,1.599,1.658,311.5,55.31,0.00,0.00,0.00,range,random,500000,8,1000,16,100
range_10,2,measurement,tidesdb,ITER,7356197.38,0.680,0,0,0,0,0,0,0,0,177.74,600.80,0.00,0.00,1.599,1.658,311.5,55.31,0.00,0.00,0.00,range,random,500000,8,1000,16,100
range_10,3,measurement,tidesdb,RANGE,1537505.92,0.325,4.84,4.64,95.98,5.00,6.00,8.00,1.00,532.00,190.24,611.08,0.00,0.00,1.559,1.595,311.1,55.30,0.00,0.00,0.00,range,random,500000,8,1000,16,100
range_10,3,measurement,tidesdb,ITER,7583237.41,0.659,0,0,0,0,0,0,0,0,190.24,611.08,0.00,0.00,1.559,1.595,311.1,55.30,0.00,0.00,0.00,range,random,500000,8,1000,16,100
range_10,1,measurement,rocksdb,RANGE,3003634.40,0.166,2.03,3.09,152.21,2.00,3.00,14.00,0.00,1284.00,141.97,1303.21,0.00,50.00,3.211,0.208,272.6,98.24,0.00,0.00,0.00,range,random,500000,8,1000,16,100
range_10,1,measurement,rocksdb,ITER,4731071.69,1.057,0,0,0,0,0,0,0,0,141.97,1303.21,0.00,50.00,3.211,0.208,272.6,98.24,0.00,0.00,0.00,range,random,500000,8,1000,16,100
range_10,2,measurement,rocksdb,RANGE,2748370.22,0.182,2.07,2.46,118.49,2.00,3.00,14.00,0.00,455.00,142.92,1303.21,0.00,53.00,3.200,0.195,274.0,98.26,0.00,0.00,0.00,range,random,500000,8,1000,16,100
range_10,2,measurement,rocksdb,ITER,4876650.01,1.025,0,0,0,0,0,0,0,0,142.92,1303.21,0.00,53.00,3.200,0.195,274.0,98.26,0.00,0.00,0.00,range,random,500000,8,1000,16,100
range_10,3,measurement,rocksdb,RANGE,2305326.69,0.217,2.61,2.38,91.30,2.00,5.00,14.00,1.00,91.00,142.68,1303.21,0.00,53.00,3.549,0.163,289.1,98.28,0.00,0.00,0.00,range,random,500000,8,1000,16,100
range_10,3,measurement,rocksdb,ITER,4816974.25,1.038,0,0,0,0,0,0,0,0,142.68,1303.21,0.00,53.00,3.549,0.163,289.1,98.28,0.00,0.00,0.00,range,random,500000,8,1000,16,100
range_100,1,measurement,tidesdb,RANGE,1403764.90,0.356,5.18,5.70,110.21,5.00,7.00,16.00,1.00,735.00,186.67,607.20,0.00,0.00,1.723,1.600,317.0,55.29,0.00,0.00,0.00,range,random,500000,8,1000,16,100
range_100,1,measurement,tidesdb,ITER,7573370.82,0.660,0,0,0,0,0,0,0,0,186.67,607.20,0.00,0.00,1.723,1.600,317.0,55.29,0.00,0.00,0.00,range,random,500000,8,1000,16,100
range_100,2,measurement,tidesdb,RANGE,1390534.35,0.360,4.97,6.03,121.40,4.00,7.00,16.00,1.00,468.00,183.96,607.21,0.00,0.00,1.734,1.494,305.7,55.31,0.00,0.00,0.00,range,random,500000,8,1000,16,100
range_100,2,measurement,tidesdb,ITER,7493712.77,0.667,0,0,0,0,0,0,0,0,183.96,607.21,0.00,0.00,1.734,1.494,305.7,55.31,0.00,0.00,0.00,range,random,500000,8,1000,16,100
range_100,3,measurement,tidesdb,RANGE,1485950.34,0.336,5.03,5.55,110.30,5.00,7.00,15.00,1.00,428.00,192.30,611.10,0.00,0.00,1.563,1.675,319.6,55.30,0.00,0.00,0.00,range,random,500000,8,1000,16,100
range_100,3,measurement,tidesdb,ITER,7721328.01,0.648,0,0,0,0,0,0,0,0,192.30,611.10,0.00,0.00,1.563,1.675,319.6,55.30,0.00,0.00,0.00,range,random,500000,8,1000,16,100
range_100,1,measurement,rocksdb,RANGE,4543059.11,0.110,1.44,4.17,289.08,1.00,2.00,21.00,0.00,673.00,134.79,1302.51,0.00,0.00,1.620,0.108,161.0,91.42,0.00,0.00,0.00,range,random,500000,8,1000,16,100
range_100,1,measurement,rocksdb,ITER,5316394.59,0.940,0,0,0,0,0,0,0,0,134.79,1302.51,0.00,0.00,1.620,0.108,161.0,91.42,0.00,0.00,0.00,range,random,500000,8,1000,16,100
range_100,2,measurement,rocksdb,RANGE,2602147.29,0.192,2.48,7.83,315.68,2.00,3.00,34.00,0.00,2349.00,170.23,1303.22,0.01,54.00,3.426,0.234,285.3,98.28,0.00,0.00,0.00,range,random,500000,8,1000,16,100
range_100,2,measurement,rocksdb,ITER,4711514.00,1.061,0,0,0,0,0,0,0,0,170.23,1303.22,0.01,54.00,3.426,0.234,285.3,98.28,0.00,0.00,0.00,range,random,500000,8,1000,16,100
range_100,3,measurement,rocksdb,RANGE,2563011.64,0.195,2.32,5.40,233.36,2.00,3.00,31.00,1.00,141.00,168.44,1303.21,0.00,49.00,3.524,0.172,275.8,98.24,0.00,0.00,0.00,range,random,500000,8,1000,16,100
range_100,3,measurement,rocksdb,ITER,4480322.87,1.116,0,0,0,0,0,0,0,0,168.44,1303.21,0.00,49.00,3.524,0.172,275.8,98.24,0.00,0.00,0.00,range,random,500000,8,1000,16,100
range_1000,1,measurement,tidesdb,RANGE,1713091.44,0.117,3.90,16.60,425.60,3.00,4.00,6.00,1.00,755.00,71.84,599.00,0.00,0.00,0.688,0.386,275.2,22.11,0.00,0.00,0.00,range,random,200000,8,1000,16,100
range_1000,1,measurement,tidesdb,ITER,7607079.15,0.263,0,0,0,0,0,0,0,0,71.84,599.00,0.00,0.00,0.688,0.386,275.2,22.11,0.00,0.00,0.00,range,random,200000,8,1000,16,100
range_1000,2,measurement,tidesdb,RANGE,1663367.65,0.120,4.01,18.38,458.33,3.00,4.00,5.00,1.00,729.00,71.56,599.00,0.00,0.00,0.752,0.362,271.5,22.12,0.00,0.00,0.00,range,random,200000,8,1000,16,100
range_1000,2,measurement,tidesdb,ITER,7154483.18,0.280,0,0,0,0,0,0,0,0,71.56,599.00,0.00,0.00,0.752,0.362,271.5,22.12,0.00,0.00,0.00,range,random,200000,8,1000,16,100
range_1000,3,measurement,tidesdb,RANGE,1680022.85,0.119,3.83,17.11,446.41,3.00,4.00,5.00,1.00,678.00,70.89,599.00,0.00,0.00,0.717,0.344,270.2,22.10,0.00,0.00,0.00,range,random,200000,8,1000,16,100
range_1000,3,measurement,tidesdb,ITER,7613478.90,0.263,0,0,0,0,0,0,0,0,70.89,599.00,0.00,0.00,0.717,0.344,270.2,22.10,0.00,0.00,0.00,range,random,200000,8,1000,16,100
range_1000,1,measurement,rocksdb,RANGE,2380045.70,0.084,2.78,18.21,654.14,1.00,3.00,3.00,1.00,756.00,124.27,1299.05,0.00,20.00,1.448,0.060,296.1,42.02,0.00,0.00,0.00,range,random,200000,8,1000,16,100
range_1000,1,measurement,rocksdb,ITER,4816851.27,0.415,0,0,0,0,0,0,0,0,124.27,1299.05,0.00,20.00,1.448,0.060,296.1,42.02,0.00,0.00,0.00,range,random,200000,8,1000,16,100
range_1000,2,measurement,rocksdb,RANGE,1847029.05,0.108,3.03,21.28,701.26,1.00,3.00,4.00,1.00,771.00,125.91,1298.95,0.00,23.00,1.570,0.083,290.7,42.02,0.00,0.00,0.00,range,random,200000,8,1000,16,100
range_1000,2,measurement,rocksdb,ITER,4460800.71,0.448,0,0,0,0,0,0,0,0,125.91,1298.95,0.00,23.00,1.570,0.083,290.7,42.02,0.00,0.00,0.00,range,random,200000,8,1000,16,100
range_1000,3,measurement,rocksdb,RANGE,2166729.86,0.092,2.81,19.88,708.47,1.00,3.00,3.00,1.00,792.00,126.63,1298.99,0.01,24.00,1.428,0.095,293.4,42.02,0.00,0.00,0.00,range,random,200000,8,1000,16,100
range_1000,3,measurement,rocksdb,ITER,4818534.01,0.415,0,0,0,0,0,0,0,0,126.63,1298.99,0.01,24.00,1.428,0.095,293.4,42.02,0.00,0.00,0.00,range,random,200000,8,1000,16,100
delete_random_5M,1,measurement,tidesdb,DELETE,3189265.70,1.568,2287.80,721.29,31.53,2194.00,3616.00,4347.00,782.00,5190.00,813.59,1112.65,0.00,100.21,12.184,0.840,394.6,0.00,0.18,0.00,0.00,delete,random,5000000,8,1000,16,100
delete_random_5M,1,measurement,tidesdb,ITER,2886601.03,1.732,0,0,0,0,0,0,0,0,813.59,1112.65,0.00,100.21,12.184,0.840,394.6,0.00,0.18,0.00,0.00,delete,random,5000000,8,1000,16,100
delete_random_5M,2,measurement,tidesdb,DELETE,3313966.51,1.509,2299.97,849.86,36.95,2146.00,3876.00,5132.00,773.00,9267.00,813.43,1112.79,0.00,100.21,12.197,0.724,398.9,0.00,0.18,0.00,0.00,delete,random,5000000,8,1000,16,100
delete_random_5M,2,measurement,tidesdb,ITER,2890150.02,1.730,0,0,0,0,0,0,0,0,813.43,1112.79,0.00,100.21,12.197,0.724,398.9,0.00,0.18,0.00,0.00,delete,random,5000000,8,1000,16,100
delete_random_5M,3,measurement,tidesdb,DELETE,3061510.02,1.633,2284.52,1329.98,58.22,2155.00,3699.00,4425.00,796.00,42744.00,813.59,1112.66,0.00,100.21,12.259,0.768,382.4,0.00,0.18,0.00,0.00,delete,random,5000000,8,1000,16,100
delete_random_5M,3,measurement,tidesdb,ITER,2819869.02,1.773,0,0,0,0,0,0,0,0,813.59,1112.66,0.00,100.21,12.259,0.768,382.4,0.00,0.18,0.00,0.00,delete,random,5000000,8,1000,16,100
delete_random_5M,1,measurement,rocksdb,DELETE,2567618.23,1.947,3108.25,2744.24,88.29,2811.00,4705.00,8310.00,525.00,65263.00,189.48,1303.49,0.00,157.34,12.668,0.675,348.3,65.59,0.28,0.00,0.00,delete,random,5000000,8,1000,16,100
delete_random_5M,2,measurement,rocksdb,DELETE,2770317.93,1.805,2882.34,4455.10,154.57,2605.00,4240.00,6755.00,894.00,113344.00,172.83,1294.49,0.06,157.39,11.085,0.704,332.0,65.24,0.28,0.00,0.00,delete,random,5000000,8,1000,16,100
delete_random_5M,3,measurement,rocksdb,DELETE,2782744.98,1.797,2872.17,2424.18,84.40,2682.00,4129.00,4806.00,701.00,61626.00,126.46,1298.55,0.03,158.36,11.445,0.550,348.5,64.61,0.29,0.00,0.00,delete,random,5000000,8,1000,16,100
fill_scan_10M,1,fill,tidesdb,PUT,6540637.31,1.529,1166.50,394.99,33.86,1056.00,1791.00,2539.00,552.00,5784.00,2491.76,2846.45,0.04,1193.58,12.572,1.921,510.2,110.65,1.08,0.00,0.10,write,seq,10000000,8,1000,16,100
fill_scan_10M,1,fill,tidesdb,ITER,7631164.45,1.310,0,0,0,0,0,0,0,0,2491.76,2846.45,0.04,1193.58,12.572,1.921,510.2,110.65,1.08,0.00,0.10,write,seq,10000000,8,1000,16,100
fill_scan_10M,2,fill,tidesdb,PUT,6034744.44,1.657,1256.53,436.61,34.75,1177.00,2069.00,2670.00,600.00,6098.00,2494.18,2855.32,0.02,1196.09,13.620,1.986,521.8,110.66,1.08,0.00,0.10,write,seq,10000000,8,1000,16,100
fill_scan_10M,2,fill,tidesdb,ITER,7505788.84,1.332,0,0,0,0,0,0,0,0,2494.18,2855.32,0.02,1196.09,13.620,1.986,521.8,110.66,1.08,0.00,0.10,write,seq,10000000,8,1000,16,100
fill_scan_10M,3,fill,tidesdb,PUT,7211619.94,1.387,1074.88,334.96,31.16,985.00,1594.00,2094.00,534.00,5545.00,2479.30,2905.31,0.04,1210.17,12.052,1.935,517.0,110.65,1.09,0.00,0.10,write,seq,10000000,8,1000,16,100
fill_scan_10M,3,fill,tidesdb,ITER,7588617.98,1.318,0,0,0,0,0,0,0,0,2479.30,2905.31,0.04,1210.17,12.052,1.935,517.0,110.65,1.09,0.00,0.10,write,seq,10000000,8,1000,16,100
fill_scan_10M,1,fill,rocksdb,PUT,2357251.34,4.242,3392.19,2729.20,80.46,3112.00,4651.00,6746.00,1994.00,84320.00,286.40,1293.59,0.93,1573.52,16.331,1.903,295.4,244.41,1.42,0.00,0.22,write,seq,10000000,8,1000,16,100
fill_scan_10M,1,fill,rocksdb,ITER,5203755.65,1.922,0,0,0,0,0,0,0,0,286.40,1293.59,0.93,1573.52,16.331,1.903,295.4,244.41,1.42,0.00,0.22,write,seq,10000000,8,1000,16,100
fill_scan_10M,2,fill,rocksdb,PUT,1641880.56,6.091,4871.12,34105.35,700.15,2998.00,4460.00,10733.00,1932.00,1086453.00,277.85,1293.59,0.78,1609.47,16.822,1.774,231.8,234.21,1.45,0.00,0.21,write,seq,10000000,8,1000,16,100
fill_scan_10M,2,fill,rocksdb,ITER,5178473.50,1.931,0,0,0,0,0,0,0,0,277.85,1293.59,0.78,1609.47,16.822,1.774,231.8,234.21,1.45,0.00,0.21,write,seq,10000000,8,1000,16,100
fill_scan_10M,3,fill,rocksdb,PUT,1807029.82,5.534,4426.03,22158.13,500.63,2972.00,4072.00,14679.00,2002.00,582138.00,200.40,1293.59,0.90,1578.70,16.023,1.774,237.9,207.42,1.43,0.00,0.19,write,seq,10000000,8,1000,16,100
fill_scan_10M,3,fill,rocksdb,ITER,5144652.19,1.944,0,0,0,0,0,0,0,0,200.40,1293.59,0.90,1578.70,16.023,1.774,237.9,207.42,1.43,0.00,0.19,write,seq,10000000,8,1000,16,100
write_small_value,1,measurement,tidesdb,PUT,2601755.98,3.844,2806.75,1025.16,36.52,2560.00,4798.00,5830.00,697.00,13518.00,2119.57,2880.89,0.03,849.34,33.036,1.464,524.2,86.75,1.11,0.00,0.11,write,random,10000000,8,1000,16,64
write_small_value,1,measurement,tidesdb,ITER,3653130.84,2.737,0,0,0,0,0,0,0,0,2119.57,2880.89,0.03,849.34,33.036,1.464,524.2,86.75,1.11,0.00,0.11,write,random,10000000,8,1000,16,64
write_small_value,2,measurement,tidesdb,PUT,2576613.01,3.881,2935.56,1101.19,37.51,2776.00,4928.00,6314.00,664.00,9418.00,2120.18,2886.98,0.02,850.34,34.421,1.392,540.8,86.48,1.11,0.00,0.11,write,random,10000000,8,1000,16,64
write_small_value,2,measurement,tidesdb,ITER,3650277.17,2.740,0,0,0,0,0,0,0,0,2120.18,2886.98,0.02,850.34,34.421,1.392,540.8,86.48,1.11,0.00,0.11,write,random,10000000,8,1000,16,64
write_small_value,3,measurement,tidesdb,PUT,2593813.70,3.855,2823.84,1027.62,36.39,2593.00,4777.00,5719.00,758.00,9583.00,2120.50,2897.95,0.02,852.85,33.301,1.502,530.4,86.50,1.12,0.00,0.11,write,random,10000000,8,1000,16,64
write_small_value,3,measurement,tidesdb,ITER,3695987.30,2.706,0,0,0,0,0,0,0,0,2120.50,2897.95,0.02,852.85,33.301,1.502,530.4,86.50,1.12,0.00,0.11,write,random,10000000,8,1000,16,64
write_small_value,1,measurement,rocksdb,PUT,1721101.97,5.810,4646.68,15955.50,343.37,3980.00,5799.00,8630.00,2111.00,561674.00,176.31,1293.85,0.41,1034.85,19.780,1.438,269.8,109.93,1.36,0.00,0.14,write,random,10000000,8,1000,16,64
write_small_value,1,measurement,rocksdb,ITER,4875430.32,2.051,0,0,0,0,0,0,0,0,176.31,1293.85,0.41,1034.85,19.780,1.438,269.8,109.93,1.36,0.00,0.14,write,random,10000000,8,1000,16,64
write_small_value,2,measurement,rocksdb,PUT,1941516.48,5.151,4119.18,917.39,22.27,4015.00,5439.00,7308.00,2179.00,15338.00,307.61,1357.85,0.38,1034.62,20.677,1.351,302.5,114.43,1.36,0.00,0.15,write,random,10000000,8,1000,16,64
write_small_value,2,measurement,rocksdb,ITER,4698537.16,2.128,0,0,0,0,0,0,0,0,307.61,1357.85,0.38,1034.62,20.677,1.351,302.5,114.43,1.36,0.00,0.15,write,random,10000000,8,1000,16,64
write_small_value,3,measurement,rocksdb,PUT,1732340.26,5.773,4616.71,13758.50,298.01,4099.00,5854.00,8173.00,1898.00,490784.00,283.03,1357.85,0.37,1035.75,21.349,1.395,289.3,106.52,1.36,0.00,0.14,write,random,10000000,8,1000,16,64
write_small_value,3,measurement,rocksdb,ITER,4788483.12,2.088,0,0,0,0,0,0,0,0,283.03,1357.85,0.37,1035.75,21.349,1.395,289.3,106.52,1.36,0.00,0.14,write,random,10000000,8,1000,16,64
write_medium_value,1,measurement,tidesdb,PUT,962873.52,2.077,8010.58,1578.87,19.71,7962.00,10610.00,12248.00,4175.00,15559.00,2226.86,2726.22,0.05,2153.45,12.753,5.309,644.7,580.10,1.09,0.00,0.29,write,random,2000000,8,1000,16,1024
write_medium_value,1,measurement,tidesdb,ITER,2762770.56,0.724,0,0,0,0,0,0,0,0,2226.86,2726.22,0.05,2153.45,12.753,5.309,644.7,580.10,1.09,0.00,0.29,write,random,2000000,8,1000,16,1024
write_medium_value,2,measurement,tidesdb,PUT,995918.23,2.008,7844.92,1453.13,18.52,7770.00,10265.00,11675.00,4008.00,14363.00,2226.93,2738.16,0.02,2232.18,12.594,5.808,645.9,579.88,1.13,0.00,0.29,write,random,2000000,8,1000,16,1024
write_medium_value,2,measurement,tidesdb,ITER,2380360.12,0.840,0,0,0,0,0,0,0,0,2226.93,2738.16,0.02,2232.18,12.594,5.808,645.9,579.88,1.13,0.00,0.29,write,random,2000000,8,1000,16,1024
write_medium_value,3,measurement,tidesdb,PUT,994962.50,2.010,7887.25,1368.90,17.36,7775.00,10106.00,12020.00,4583.00,14919.00,2229.60,2726.66,0.05,2156.62,12.374,5.589,647.2,580.07,1.09,0.00,0.29,write,random,2000000,8,1000,16,1024
write_medium_value,3,measurement,tidesdb,ITER,2615305.55,0.765,0,0,0,0,0,0,0,0,2229.60,2726.66,0.05,2156.62,12.374,5.589,647.2,580.07,1.09,0.00,0.29,write,random,2000000,8,1000,16,1024
write_medium_value,1,measurement,rocksdb,PUT,501110.84,3.991,15941.92,21392.72,134.19,12425.00,18351.00,119389.00,7377.00,260223.00,287.65,1293.83,0.38,2462.77,10.104,2.374,226.5,215.65,1.24,0.00,0.11,write,random,2000000,8,1000,16,1024
write_medium_value,1,measurement,rocksdb,ITER,1318348.98,1.517,0,0,0,0,0,0,0,0,287.65,1293.83,0.38,2462.77,10.104,2.374,226.5,215.65,1.24,0.00,0.11,write,random,2000000,8,1000,16,1024
write_medium_value,2,measurement,rocksdb,PUT,389459.74,5.135,20520.51,71680.05,349.31,12130.00,19247.00,312692.00,5994.00,1028006.00,289.45,1293.84,0.34,2483.70,10.411,2.355,191.2,215.59,1.25,0.00,0.11,write,random,2000000,8,1000,16,1024
write_medium_value,2,measurement,rocksdb,ITER,1299572.18,1.539,0,0,0,0,0,0,0,0,289.45,1293.84,0.34,2483.70,10.411,2.355,191.2,215.59,1.25,0.00,0.11,write,random,2000000,8,1000,16,1024
write_medium_value,3,measurement,rocksdb,PUT,259078.13,7.720,30854.73,109755.77,355.72,12328.00,64855.00,657088.00,6163.00,1158213.00,315.78,1293.84,0.32,2495.46,10.507,2.499,140.1,214.65,1.26,0.00,0.11,write,random,2000000,8,1000,16,1024
write_medium_value,3,measurement,rocksdb,ITER,1290486.60,1.550,0,0,0,0,0,0,0,0,315.78,1293.84,0.32,2495.46,10.507,2.499,140.1,214.65,1.26,0.00,0.11,write,random,2000000,8,1000,16,1024
write_large_value,1,measurement,tidesdb,PUT,309485.04,1.616,25020.89,6056.25,24.20,24143.00,35800.00,50639.00,7106.00,59012.00,2127.23,2642.20,0.03,2176.04,7.256,5.899,643.5,833.39,1.05,0.00,0.40,write,random,500000,8,1000,256,4096
write_large_value,1,measurement,tidesdb,ITER,1167419.65,0.428,0,0,0,0,0,0,0,0,2127.23,2642.20,0.03,2176.04,7.256,5.899,643.5,833.39,1.05,0.00,0.40,write,random,500000,8,1000,256,4096
write_large_value,2,measurement,tidesdb,PUT,299408.37,1.670,25839.75,5708.17,22.09,25222.00,35864.00,48342.00,7555.00,56044.00,2126.91,2642.20,0.02,2165.78,7.462,6.071,641.2,150.96,1.04,0.00,0.07,write,random,500000,8,1000,256,4096
write_large_value,2,measurement,tidesdb,ITER,1135545.53,0.440,0,0,0,0,0,0,0,0,2126.91,2642.20,0.02,2165.78,7.462,6.071,641.2,150.96,1.04,0.00,0.07,write,random,500000,8,1000,256,4096
write_large_value,3,measurement,tidesdb,PUT,322667.04,1.550,24132.55,5925.46,24.55,23388.00,32323.00,53073.00,7633.00,59141.00,2126.84,2642.20,0.07,2160.64,6.936,5.823,644.1,150.96,1.04,0.00,0.07,write,random,500000,8,1000,256,4096
write_large_value,3,measurement,tidesdb,ITER,1159799.49,0.431,0,0,0,0,0,0,0,0,2126.84,2642.20,0.07,2160.64,6.936,5.823,644.1,150.96,1.04,0.00,0.07,write,random,500000,8,1000,256,4096
write_large_value,1,measurement,rocksdb,PUT,160951.23,3.107,49213.26,61403.56,124.77,30533.00,145761.00,365899.00,15561.00,367212.00,704.50,1423.75,0.25,2484.48,7.595,2.391,230.5,174.36,1.20,0.00,0.08,write,random,500000,8,1000,256,4096
write_large_value,1,measurement,rocksdb,ITER,407808.06,1.226,0,0,0,0,0,0,0,0,704.50,1423.75,0.25,2484.48,7.595,2.391,230.5,174.36,1.20,0.00,0.08,write,random,500000,8,1000,256,4096
write_large_value,2,measurement,rocksdb,PUT,146631.26,3.410,53989.35,72801.54,134.84,30256.00,181163.00,456631.00,12765.00,458303.00,679.39,1325.77,0.23,2460.95,7.374,2.276,209.1,176.12,1.19,0.00,0.08,write,random,500000,8,1000,256,4096
write_large_value,2,measurement,rocksdb,ITER,415255.49,1.204,0,0,0,0,0,0,0,0,679.39,1325.77,0.23,2460.95,7.374,2.276,209.1,176.12,1.19,0.00,0.08,write,random,500000,8,1000,256,4096
write_large_value,3,measurement,rocksdb,PUT,186196.72,2.685,42525.69,48074.35,113.05,30531.00,117170.00,372368.00,15591.00,374959.00,657.29,1405.90,0.22,2453.48,7.303,2.335,248.8,174.36,1.18,0.00,0.08,write,random,500000,8,1000,256,4096
write_large_value,3,measurement,rocksdb,ITER,420967.20,1.188,0,0,0,0,0,0,0,0,657.29,1405.90,0.22,2453.48,7.303,2.335,248.8,174.36,1.18,0.00,0.08,write,random,500000,8,1000,256,4096
write_xlarge_value,1,measurement,tidesdb,PUT,99959.12,1.000,73897.43,22273.31,30.14,71966.00,110726.00,139098.00,22806.00,143088.00,1423.14,1698.11,0.00,1618.95,3.764,3.832,637.1,34.96,1.02,0.00,0.02,write,random,100000,8,1000,256,16384
write_xlarge_value,1,measurement,tidesdb,ITER,522662.65,0.191,0,0,0,0,0,0,0,0,1423.14,1698.11,0.00,1618.95,3.764,3.832,637.1,34.96,1.02,0.00,0.02,write,random,100000,8,1000,256,16384
write_xlarge_value,2,measurement,tidesdb,PUT,98478.89,1.015,74500.70,21708.33,29.14,74376.00,110501.00,144326.00,21397.00,149222.00,1628.35,2002.37,0.02,1616.32,3.810,3.948,632.9,34.96,1.02,0.00,0.02,write,random,100000,8,1000,256,16384
write_xlarge_value,2,measurement,tidesdb,ITER,476117.92,0.210,0,0,0,0,0,0,0,0,1628.35,2002.37,0.02,1616.32,3.810,3.948,632.9,34.96,1.02,0.00,0.02,write,random,100000,8,1000,256,16384
write_xlarge_value,3,measurement,tidesdb,PUT,98938.88,1.011,74421.11,22170.64,29.79,74801.00,115505.00,140020.00,15279.00,142718.00,1549.00,1826.11,0.00,1622.11,3.912,3.849,642.1,34.96,1.02,0.00,0.02,write,random,100000,8,1000,256,16384
write_xlarge_value,3,measurement,tidesdb,ITER,505919.26,0.198,0,0,0,0,0,0,0,0,1549.00,1826.11,0.00,1622.11,3.912,3.849,642.1,34.96,1.02,0.00,0.02,write,random,100000,8,1000,256,16384
write_xlarge_value,1,measurement,rocksdb,PUT,77657.84,1.288,97679.41,20740.88,21.23,92277.00,147786.00,154029.00,43567.00,154652.00,379.14,1294.72,0.06,1679.57,3.549,1.340,303.2,98.47,1.06,0.00,0.06,write,random,100000,8,1000,256,16384
write_xlarge_value,1,measurement,rocksdb,ITER,308512.48,0.324,0,0,0,0,0,0,0,0,379.14,1294.72,0.06,1679.57,3.549,1.340,303.2,98.47,1.06,0.00,0.06,write,random,100000,8,1000,256,16384
write_xlarge_value,2,measurement,rocksdb,PUT,74462.55,1.343,101872.45,24808.59,24.35,93052.00,154930.00,169710.00,45610.00,170510.00,415.77,1294.69,0.02,1679.59,3.527,1.388,292.3,98.47,1.06,0.00,0.06,write,random,100000,8,1000,256,16384
write_xlarge_value,2,measurement,rocksdb,ITER,295844.86,0.338,0,0,0,0,0,0,0,0,415.77,1294.69,0.02,1679.59,3.527,1.388,292.3,98.47,1.06,0.00,0.06,write,random,100000,8,1000,256,16384
write_xlarge_value,3,measurement,rocksdb,PUT,73013.81,1.370,104032.59,31684.99,30.46,91930.00,187492.00,195737.00,43842.00,198070.00,359.16,1294.69,0.05,1679.58,3.524,1.300,285.0,98.47,1.06,0.00,0.06,write,random,100000,8,1000,256,16384
write_xlarge_value,3,measurement,rocksdb,ITER,310094.83,0.322,0,0,0,0,0,0,0,0,359.16,1294.69,0.05,1679.58,3.524,1.300,285.0,98.47,1.06,0.00,0.06,write,random,100000,8,1000,256,16384
batch_1,1,measurement,tidesdb,PUT,937488.72,2.133,8.08,40.40,499.83,7.00,11.00,15.00,1.00,20544.00,360.66,715.07,0.01,279.54,7.711,9.860,581.1,22.18,1.26,0.00,0.10,write,random,2000000,8,1,16,100
batch_1,1,measurement,tidesdb,ITER,2755819.26,0.726,0,0,0,0,0,0,0,0,360.66,715.07,0.01,279.54,7.711,9.860,581.1,22.18,1.26,0.00,0.10,write,random,2000000,8,1,16,100
batch_1,2,measurement,tidesdb,PUT,1020686.25,1.959,7.46,16.53,221.51,7.00,11.00,15.00,1.00,16572.00,361.61,714.92,0.00,279.44,7.121,10.144,644.3,22.08,1.26,0.00,0.10,write,random,2000000,8,1,16,100
batch_1,2,measurement,tidesdb,ITER,3522063.08,0.568,0,0,0,0,0,0,0,0,361.61,714.92,0.00,279.44,7.121,10.144,644.3,22.08,1.26,0.00,0.10,write,random,2000000,8,1,16,100
batch_1,3,measurement,tidesdb,PUT,1013003.42,1.974,7.51,22.84,304.25,7.00,11.00,15.00,1.00,15316.00,360.96,714.88,0.01,279.45,6.980,9.924,626.4,22.13,1.26,0.00,0.10,write,random,2000000,8,1,16,100
batch_1,3,measurement,tidesdb,ITER,3498417.84,0.572,0,0,0,0,0,0,0,0,360.96,714.88,0.01,279.45,6.980,9.924,626.4,22.13,1.26,0.00,0.10,write,random,2000000,8,1,16,100
batch_1,1,measurement,rocksdb,PUT,745531.47,2.683,10.45,16.60,158.82,10.00,14.00,21.00,3.00,5011.00,143.31,1293.67,0.19,276.36,21.398,2.005,699.7,38.54,1.25,0.00,0.17,write,random,2000000,8,1,16,100
batch_1,1,measurement,rocksdb,ITER,3892618.23,0.514,0,0,0,0,0,0,0,0,143.31,1293.67,0.19,276.36,21.398,2.005,699.7,38.54,1.25,0.00,0.17,write,random,2000000,8,1,16,100
batch_1,2,measurement,rocksdb,PUT,738422.91,2.708,10.55,21.36,202.42,10.00,15.00,23.00,3.00,7427.00,178.13,1293.67,0.16,276.69,21.331,2.126,692.3,36.20,1.25,0.00,0.16,write,random,2000000,8,1,16,100
batch_1,2,measurement,rocksdb,ITER,3772609.72,0.530,0,0,0,0,0,0,0,0,178.13,1293.67,0.16,276.69,21.331,2.126,692.3,36.20,1.25,0.00,0.16,write,random,2000000,8,1,16,100
batch_1,3,measurement,rocksdb,PUT,725529.35,2.757,10.73,17.53,163.31,10.00,15.00,26.00,3.00,4951.00,170.95,1293.67,0.15,275.67,21.591,2.071,690.2,36.21,1.25,0.00,0.16,write,random,2000000,8,1,16,100
batch_1,3,measurement,rocksdb,ITER,3854574.61,0.519,0,0,0,0,0,0,0,0,170.95,1293.67,0.15,275.67,21.591,2.071,690.2,36.21,1.25,0.00,0.16,write,random,2000000,8,1,16,100
batch_10,1,measurement,tidesdb,PUT,2788707.96,0.717,28.10,38.80,138.10,26.00,43.00,64.00,8.00,6251.00,550.17,1199.41,0.01,243.52,5.075,1.398,500.0,21.64,1.10,0.00,0.10,write,random,2000000,8,10,16,100
batch_10,1,measurement,tidesdb,ITER,3577465.54,0.559,0,0,0,0,0,0,0,0,550.17,1199.41,0.01,243.52,5.075,1.398,500.0,21.64,1.10,0.00,0.10,write,random,2000000,8,10,16,100
batch_10,2,measurement,tidesdb,PUT,3097778.27,0.646,24.29,17.97,73.98,23.00,36.00,50.00,7.00,2173.00,550.26,1199.41,0.00,243.51,4.516,1.245,471.4,21.59,1.10,0.00,0.10,write,random,2000000,8,10,16,100
batch_10,2,measurement,tidesdb,ITER,3563690.27,0.561,0,0,0,0,0,0,0,0,550.26,1199.41,0.00,243.51,4.516,1.245,471.4,21.59,1.10,0.00,0.10,write,random,2000000,8,10,16,100
batch_10,3,measurement,tidesdb,PUT,2867663.08,0.697,25.57,161.00,629.64,23.00,36.00,51.00,8.00,40854.00,551.76,1200.93,0.00,243.52,4.839,1.262,438.4,21.68,1.10,0.00,0.10,write,random,2000000,8,10,16,100
batch_10,3,measurement,tidesdb,ITER,2945898.57,0.679,0,0,0,0,0,0,0,0,551.76,1200.93,0.00,243.52,4.839,1.262,438.4,21.68,1.10,0.00,0.10,write,random,2000000,8,10,16,100
batch_10,1,measurement,rocksdb,PUT,1916635.92,1.043,41.67,57.62,138.26,38.00,57.00,87.00,9.00,5030.00,173.90,1293.75,0.21,264.73,7.237,2.583,607.2,36.13,1.20,0.00,0.16,write,random,2000000,8,10,16,100
batch_10,1,measurement,rocksdb,ITER,3622177.87,0.552,0,0,0,0,0,0,0,0,173.90,1293.75,0.21,264.73,7.237,2.583,607.2,36.13,1.20,0.00,0.16,write,random,2000000,8,10,16,100
batch_10,2,measurement,rocksdb,PUT,1961449.67,1.020,40.71,53.27,130.85,38.00,56.00,87.00,10.00,4994.00,121.00,1293.75,0.15,264.74,7.125,2.482,606.8,36.09,1.20,0.00,0.16,write,random,2000000,8,10,16,100
batch_10,2,measurement,rocksdb,ITER,3677978.29,0.544,0,0,0,0,0,0,0,0,121.00,1293.75,0.15,264.74,7.125,2.482,606.8,36.09,1.20,0.00,0.16,write,random,2000000,8,10,16,100
batch_10,3,measurement,rocksdb,PUT,1853221.18,1.079,43.10,187.03,433.95,39.00,59.00,86.00,12.00,28700.00,136.39,1293.75,0.18,264.35,7.281,2.666,610.7,38.69,1.19,0.00,0.17,write,random,2000000,8,10,16,100
batch_10,3,measurement,rocksdb,ITER,3802693.45,0.526,0,0,0,0,0,0,0,0,136.39,1293.75,0.18,264.35,7.281,2.666,610.7,38.69,1.19,0.00,0.17,write,random,2000000,8,10,16,100
batch_100,1,measurement,tidesdb,PUT,3765159.47,0.531,197.02,72.04,36.57,187.00,288.00,394.00,65.00,2190.00,547.95,1198.05,0.00,238.87,4.351,0.478,463.8,20.52,1.08,0.00,0.09,write,random,2000000,8,100,16,100
batch_100,1,measurement,tidesdb,ITER,3933252.70,0.508,0,0,0,0,0,0,0,0,547.95,1198.05,0.00,238.87,4.351,0.478,463.8,20.52,1.08,0.00,0.09,write,random,2000000,8,100,16,100
batch_100,2,measurement,tidesdb,PUT,3607887.56,0.554,206.72,105.94,51.25,194.00,309.00,425.00,70.00,4554.00,547.95,1198.05,0.00,238.86,4.444,0.501,464.8,20.62,1.08,0.00,0.09,write,random,2000000,8,100,16,100
batch_100,2,measurement,tidesdb,ITER,3941570.16,0.507,0,0,0,0,0,0,0,0,547.95,1198.05,0.00,238.86,4.444,0.501,464.8,20.62,1.08,0.00,0.09,write,random,2000000,8,100,16,100
batch_100,3,measurement,tidesdb,PUT,3363911.29,0.595,217.49,239.83,110.27,185.00,359.00,819.00,76.00,9361.00,548.01,1198.05,0.00,238.85,4.277,0.554,439.4,20.62,1.08,0.00,0.09,write,random,2000000,8,100,16,100
batch_100,3,measurement,tidesdb,ITER,3974231.09,0.503,0,0,0,0,0,0,0,0,548.01,1198.05,0.00,238.85,4.277,0.554,439.4,20.62,1.08,0.00,0.09,write,random,2000000,8,100,16,100
batch_100,1,measurement,rocksdb,PUT,2418134.07,0.827,330.44,159.58,48.29,310.00,451.00,696.00,72.00,5410.00,124.19,1293.69,0.19,263.61,4.547,0.874,390.5,37.91,1.19,0.00,0.17,write,random,2000000,8,100,16,100
batch_100,1,measurement,rocksdb,ITER,3617107.47,0.553,0,0,0,0,0,0,0,0,124.19,1293.69,0.19,263.61,4.547,0.874,390.5,37.91,1.19,0.00,0.17,write,random,2000000,8,100,16,100
batch_100,2,measurement,rocksdb,PUT,2427720.69,0.824,329.22,161.16,48.95,312.00,445.00,762.00,77.00,4452.00,126.45,1293.69,0.20,263.53,4.653,0.651,383.7,38.56,1.19,0.00,0.17,write,random,2000000,8,100,16,100
batch_100,2,measurement,rocksdb,ITER,3620296.10,0.552,0,0,0,0,0,0,0,0,126.45,1293.69,0.20,263.53,4.653,0.651,383.7,38.56,1.19,0.00,0.17,write,random,2000000,8,100,16,100
batch_100,3,measurement,rocksdb,PUT,2419125.61,0.827,330.39,151.00,45.70,308.00,456.00,693.00,90.00,3359.00,141.59,1293.69,0.20,263.51,4.452,0.879,390.4,38.82,1.19,0.00,0.18,write,random,2000000,8,100,16,100
batch_100,3,measurement,rocksdb,ITER,3756482.28,0.532,0,0,0,0,0,0,0,0,141.59,1293.69,0.20,263.51,4.452,0.879,390.4,38.82,1.19,0.00,0.18,write,random,2000000,8,100,16,100
batch_1000,1,measurement,tidesdb,PUT,3326442.05,0.601,2122.31,605.19,28.52,2022.00,3312.00,4047.00,820.00,5042.00,549.87,1198.00,0.01,237.34,4.685,0.510,458.8,18.00,1.07,0.00,0.08,write,random,2000000,8,1000,16,100
batch_1000,1,measurement,tidesdb,ITER,3767975.60,0.531,0,0,0,0,0,0,0,0,549.87,1198.00,0.01,237.34,4.685,0.510,458.8,18.00,1.07,0.00,0.08,write,random,2000000,8,1000,16,100
batch_1000,2,measurement,tidesdb,PUT,3153097.05,0.634,2194.37,704.25,32.09,2058.00,3649.00,4323.00,767.00,6117.00,549.85,1198.12,0.00,237.37,4.794,0.521,457.2,18.03,1.07,0.00,0.08,write,random,2000000,8,1000,16,100
batch_1000,2,measurement,tidesdb,ITER,3788086.85,0.528,0,0,0,0,0,0,0,0,549.85,1198.12,0.00,237.37,4.794,0.521,457.2,18.03,1.07,0.00,0.08,write,random,2000000,8,1000,16,100
batch_1000,3,measurement,tidesdb,PUT,3097682.31,0.646,2336.92,681.81,29.18,2280.00,3602.00,4321.00,1018.00,5617.00,550.30,1198.00,0.01,237.35,5.067,0.562,476.3,18.02,1.07,0.00,0.08,write,random,2000000,8,1000,16,100
batch_1000,3,measurement,tidesdb,ITER,3732422.62,0.536,0,0,0,0,0,0,0,0,550.30,1198.00,0.01,237.35,5.067,0.562,476.3,18.02,1.07,0.00,0.08,write,random,2000000,8,1000,16,100
batch_1000,1,measurement,rocksdb,PUT,1856855.04,1.077,4299.25,822.80,19.14,4277.00,5647.00,6874.00,2508.00,9183.00,151.24,1293.67,0.22,262.22,3.585,0.364,239.7,39.70,1.19,0.00,0.18,write,random,2000000,8,1000,16,100
batch_1000,1,measurement,rocksdb,ITER,3526721.08,0.567,0,0,0,0,0,0,0,0,151.24,1293.67,0.22,262.22,3.585,0.364,239.7,39.70,1.19,0.00,0.18,write,random,2000000,8,1000,16,100
batch_1000,2,measurement,rocksdb,PUT,1929090.49,1.037,4141.13,827.06,19.97,4112.00,5581.00,6857.00,2508.00,7826.00,131.59,1293.67,0.19,261.73,3.511,0.336,245.3,36.46,1.18,0.00,0.16,write,random,2000000,8,1000,16,100
batch_1000,2,measurement,rocksdb,ITER,3791203.27,0.528,0,0,0,0,0,0,0,0,131.59,1293.67,0.19,261.73,3.511,0.336,245.3,36.46,1.18,0.00,0.16,write,random,2000000,8,1000,16,100
batch_1000,3,measurement,rocksdb,PUT,1928132.71,1.037,4142.18,865.93,20.91,4147.00,5500.00,7220.00,2441.00,9573.00,133.71,1293.67,0.19,262.33,3.381,0.416,243.6,39.24,1.19,0.00,0.18,write,random,2000000,8,1000,16,100
batch_1000,3,measurement,rocksdb,ITER,3867723.84,0.517,0,0,0,0,0,0,0,0,133.71,1293.67,0.19,262.33,3.381,0.416,243.6,39.24,1.19,0.00,0.18,write,random,2000000,8,1000,16,100
batch_10000,1,measurement,tidesdb,PUT,2300455.61,0.869,32976.00,7445.27,22.58,33475.00,45470.00,47264.00,16134.00,47905.00,568.00,1199.20,0.01,235.89,7.002,0.636,539.1,15.89,1.07,0.00,0.07,write,random,2000000,8,10000,16,100
batch_10000,1,measurement,tidesdb,ITER,3654803.78,0.547,0,0,0,0,0,0,0,0,568.00,1199.20,0.01,235.89,7.002,0.636,539.1,15.89,1.07,0.00,0.07,write,random,2000000,8,10000,16,100
batch_10000,2,measurement,tidesdb,PUT,2422512.90,0.826,31331.18,6846.33,21.85,30863.00,43834.00,49816.00,12353.00,50109.00,568.01,1198.43,0.00,235.70,6.692,0.606,529.2,15.76,1.07,0.00,0.07,write,random,2000000,8,10000,16,100
batch_10000,2,measurement,tidesdb,ITER,3615335.53,0.553,0,0,0,0,0,0,0,0,568.01,1198.43,0.00,235.70,6.692,0.606,529.2,15.76,1.07,0.00,0.07,write,random,2000000,8,10000,16,100
batch_10000,3,measurement,tidesdb,PUT,2385997.06,0.838,31641.61,6576.75,20.79,31154.00,43537.00,47953.00,14553.00,51277.00,568.05,1198.81,0.00,235.78,6.796,0.625,533.9,15.84,1.07,0.00,0.07,write,random,2000000,8,10000,16,100
batch_10000,3,measurement,tidesdb,ITER,3624987.77,0.552,0,0,0,0,0,0,0,0,568.05,1198.81,0.00,235.78,6.796,0.625,533.9,15.84,1.07,0.00,0.07,write,random,2000000,8,10000,16,100
batch_10000,1,measurement,rocksdb,PUT,1275524.03,1.568,61691.90,8584.73,13.92,62963.00,71429.00,73345.00,12309.00,73360.00,192.03,1293.67,0.20,263.21,3.257,0.306,168.7,39.82,1.19,0.00,0.18,write,random,2000000,8,10000,16,100
batch_10000,1,measurement,rocksdb,ITER,3683770.41,0.543,0,0,0,0,0,0,0,0,192.03,1293.67,0.20,263.21,3.257,0.306,168.7,39.82,1.19,0.00,0.18,write,random,2000000,8,10000,16,100
batch_10000,2,measurement,rocksdb,PUT,1293760.65,1.546,60791.67,7730.14,12.72,62619.00,69640.00,70731.00,16712.00,72298.00,191.76,1293.67,0.21,263.04,3.230,0.236,167.0,39.65,1.19,0.00,0.18,write,random,2000000,8,10000,16,100
batch_10000,2,measurement,rocksdb,ITER,3785828.13,0.528,0,0,0,0,0,0,0,0,191.76,1293.67,0.21,263.04,3.230,0.236,167.0,39.65,1.19,0.00,0.18,write,random,2000000,8,10000,16,100
batch_10000,3,measurement,rocksdb,PUT,1292514.85,1.547,60885.83,8598.46,14.12,62174.00,70349.00,75511.00,12484.00,76380.00,185.96,1293.67,0.17,263.32,3.189,0.327,167.6,39.92,1.19,0.00,0.18,write,random,2000000,8,10000,16,100
batch_10000,3,measurement,rocksdb,ITER,3647019.56,0.548,0,0,0,0,0,0,0,0,185.96,1293.67,0.17,263.32,3.189,0.327,167.6,39.92,1.19,0.00,0.18,write,random,2000000,8,10000,16,100
threads_1,1,measurement,tidesdb,PUT,750229.48,2.666,1332.77,570.27,42.79,1248.00,1841.00,4512.00,649.00,6580.00,358.61,562.34,0.00,241.85,3.633,0.263,121.6,15.35,1.09,0.00,0.07,write,random,2000000,1,1000,16,100
threads_1,1,measurement,tidesdb,ITER,3723361.67,0.537,0,0,0,0,0,0,0,0,358.61,562.34,0.00,241.85,3.633,0.263,121.6,15.35,1.09,0.00,0.07,write,random,2000000,1,1000,16,100
threads_1,2,measurement,tidesdb,PUT,737252.44,2.713,1356.21,590.91,43.57,1279.00,1807.00,4710.00,607.00,7648.00,358.69,562.34,0.00,241.85,3.660,0.241,121.4,15.35,1.09,0.00,0.07,write,random,2000000,1,1000,16,100
threads_1,2,measurement,tidesdb,ITER,3997329.78,0.500,0,0,0,0,0,0,0,0,358.69,562.34,0.00,241.85,3.660,0.241,121.4,15.35,1.09,0.00,0.07,write,random,2000000,1,1000,16,100
threads_1,3,measurement,tidesdb,PUT,768219.97,2.603,1301.57,520.63,40.00,1243.00,1658.00,4319.00,680.00,6976.00,358.94,562.34,0.00,241.85,3.487,0.262,120.9,15.35,1.09,0.00,0.07,write,random,2000000,1,1000,16,100
threads_1,3,measurement,tidesdb,ITER,4021992.25,0.497,0,0,0,0,0,0,0,0,358.94,562.34,0.00,241.85,3.487,0.262,120.9,15.35,1.09,0.00,0.07,write,random,2000000,1,1000,16,100
threads_1,1,measurement,rocksdb,PUT,1021658.13,1.958,978.70,295.98,30.24,947.00,1154.00,1949.00,649.00,7588.00,186.42,965.66,0.23,259.20,3.049,0.252,137.5,40.86,1.17,0.00,0.18,write,random,2000000,1,1000,16,100
threads_1,1,measurement,rocksdb,ITER,4505752.72,0.444,0,0,0,0,0,0,0,0,186.42,965.66,0.23,259.20,3.049,0.252,137.5,40.86,1.17,0.00,0.18,write,random,2000000,1,1000,16,100
threads_1,2,measurement,rocksdb,PUT,1039593.98,1.924,961.79,233.50,24.28,933.00,1144.00,2099.00,606.00,5542.00,165.05,901.66,0.22,260.20,2.970,0.285,137.9,40.86,1.18,0.00,0.18,write,random,2000000,1,1000,16,100
threads_1,2,measurement,rocksdb,ITER,4574481.71,0.437,0,0,0,0,0,0,0,0,165.05,901.66,0.22,260.20,2.970,0.285,137.9,40.86,1.18,0.00,0.18,write,random,2000000,1,1000,16,100
threads_1,3,measurement,rocksdb,PUT,1035213.30,1.932,965.88,323.62,33.51,938.00,1119.00,1851.00,622.00,8433.00,165.52,837.66,0.19,261.20,3.052,0.241,138.2,40.86,1.18,0.00,0.18,write,random,2000000,1,1000,16,100
threads_1,3,measurement,rocksdb,ITER,4434933.97,0.451,0,0,0,0,0,0,0,0,165.52,837.66,0.19,261.20,3.052,0.241,138.2,40.86,1.18,0.00,0.18,write,random,2000000,1,1000,16,100
threads_2,1,measurement,tidesdb,PUT,1283796.75,1.558,1550.77,612.99,39.53,1395.00,2829.00,4057.00,680.00,6108.00,359.84,570.38,0.00,242.43,4.062,0.366,213.5,16.19,1.10,0.00,0.07,write,random,2000000,2,1000,16,100
threads_2,1,measurement,tidesdb,ITER,3880180.04,0.515,0,0,0,0,0,0,0,0,359.84,570.38,0.00,242.43,4.062,0.366,213.5,16.19,1.10,0.00,0.07,write,random,2000000,2,1000,16,100
threads_2,2,measurement,tidesdb,PUT,1313723.82,1.522,1520.43,588.49,38.71,1367.00,2801.00,3976.00,634.00,5268.00,359.82,570.34,0.01,242.43,4.025,0.347,214.7,16.24,1.10,0.00,0.07,write,random,2000000,2,1000,16,100
threads_2,2,measurement,tidesdb,ITER,3895780.09,0.513,0,0,0,0,0,0,0,0,359.82,570.34,0.01,242.43,4.025,0.347,214.7,16.24,1.10,0.00,0.07,write,random,2000000,2,1000,16,100
threads_2,3,measurement,tidesdb,PUT,1282455.75,1.560,1557.75,642.61,41.25,1391.00,2964.00,4126.00,613.00,6226.00,359.60,570.39,0.00,242.44,4.172,0.308,215.4,16.20,1.10,0.00,0.07,write,random,2000000,2,1000,16,100
threads_2,3,measurement,tidesdb,ITER,3848618.44,0.520,0,0,0,0,0,0,0,0,359.60,570.39,0.00,242.44,4.172,0.308,215.4,16.20,1.10,0.00,0.07,write,random,2000000,2,1000,16,100
threads_2,1,measurement,rocksdb,PUT,1095472.03,1.826,1824.43,406.24,22.27,1762.00,2422.00,3302.00,691.00,7262.00,159.33,901.79,0.24,262.44,3.450,0.289,162.6,55.27,1.19,0.00,0.25,write,random,2000000,2,1000,16,100
threads_2,1,measurement,rocksdb,ITER,4222527.18,0.474,0,0,0,0,0,0,0,0,159.33,901.79,0.24,262.44,3.450,0.289,162.6,55.27,1.19,0.00,0.25,write,random,2000000,2,1000,16,100
threads_2,2,measurement,rocksdb,PUT,1202606.77,1.663,1662.48,379.45,22.82,1618.00,2182.00,3223.00,671.00,6517.00,190.37,1029.79,0.20,263.21,3.339,0.279,168.1,55.95,1.19,0.00,0.25,write,random,2000000,2,1000,16,100
threads_2,2,measurement,rocksdb,ITER,4091736.74,0.489,0,0,0,0,0,0,0,0,190.37,1029.79,0.20,263.21,3.339,0.279,168.1,55.95,1.19,0.00,0.25,write,random,2000000,2,1000,16,100
threads_2,3,measurement,rocksdb,PUT,1209859.87,1.653,1652.41,352.71,21.35,1595.00,2145.00,3321.00,687.00,4553.00,192.62,965.79,0.21,263.15,3.363,0.206,165.0,56.33,1.19,0.00,0.25,write,random,2000000,2,1000,16,100
threads_2,3,measurement,rocksdb,ITER,3926596.21,0.509,0,0,0,0,0,0,0,0,192.62,965.79,0.21,263.15,3.363,0.206,165.0,56.33,1.19,0.00,0.25,write,random,2000000,2,1000,16,100
threads_4,1,measurement,tidesdb,PUT,2119849.96,0.943,1871.40,827.85,44.24,1623.00,3743.00,4875.00,702.00,5814.00,481.77,732.36,0.00,244.90,4.803,0.476,374.7,17.02,1.11,0.00,0.08,write,random,2000000,4,1000,16,100
threads_4,1,measurement,tidesdb,ITER,4300927.28,0.465,0,0,0,0,0,0,0,0,481.77,732.36,0.00,244.90,4.803,0.476,374.7,17.02,1.11,0.00,0.08,write,random,2000000,4,1000,16,100
threads_4,2,measurement,tidesdb,PUT,2136218.08,0.936,1831.46,741.18,40.47,1603.00,3396.00,4504.00,650.00,5991.00,502.43,686.30,0.00,237.04,4.339,0.400,339.4,17.27,1.07,0.00,0.08,write,random,2000000,4,1000,16,100
threads_4,2,measurement,tidesdb,ITER,4353950.01,0.459,0,0,0,0,0,0,0,0,502.43,686.30,0.00,237.04,4.339,0.400,339.4,17.27,1.07,0.00,0.08,write,random,2000000,4,1000,16,100
threads_4,3,measurement,tidesdb,PUT,2032545.11,0.984,1931.86,836.27,43.29,1701.00,3686.00,4938.00,663.00,6077.00,487.61,733.42,0.01,245.04,5.121,0.375,372.3,17.35,1.11,0.00,0.08,write,random,2000000,4,1000,16,100
threads_4,3,measurement,tidesdb,ITER,4064792.80,0.492,0,0,0,0,0,0,0,0,487.61,733.42,0.01,245.04,5.121,0.375,372.3,17.35,1.11,0.00,0.08,write,random,2000000,4,1000,16,100
threads_4,1,measurement,rocksdb,PUT,2015371.24,0.992,1983.57,540.92,27.27,1896.00,2860.00,4211.00,1185.00,6569.00,148.50,1037.67,0.20,262.09,3.330,0.359,242.5,37.86,1.18,0.00,0.17,write,random,2000000,4,1000,16,100
threads_4,1,measurement,rocksdb,ITER,3809966.49,0.525,0,0,0,0,0,0,0,0,148.50,1037.67,0.20,262.09,3.330,0.359,242.5,37.86,1.18,0.00,0.17,write,random,2000000,4,1000,16,100
threads_4,2,measurement,rocksdb,PUT,2082097.09,0.961,1919.80,477.01,24.85,1849.00,2712.00,3950.00,1166.00,6449.00,135.70,1037.67,0.18,260.98,3.231,0.352,245.3,38.65,1.18,0.00,0.17,write,random,2000000,4,1000,16,100
threads_4,2,measurement,rocksdb,ITER,4033974.13,0.496,0,0,0,0,0,0,0,0,135.70,1037.67,0.18,260.98,3.231,0.352,245.3,38.65,1.18,0.00,0.17,write,random,2000000,4,1000,16,100
threads_4,3,measurement,rocksdb,PUT,2024615.27,0.988,1974.00,500.24,25.34,1930.00,2721.00,4172.00,1096.00,6689.00,153.80,1037.67,0.19,261.47,3.329,0.357,247.0,34.72,1.18,0.00,0.16,write,random,2000000,4,1000,16,100
threads_4,3,measurement,rocksdb,ITER,3987932.52,0.502,0,0,0,0,0,0,0,0,153.80,1037.67,0.19,261.47,3.329,0.357,247.0,34.72,1.18,0.00,0.16,write,random,2000000,4,1000,16,100
threads_8,1,measurement,tidesdb,PUT,3153469.92,0.634,2145.40,664.98,31.00,2008.00,3460.00,4302.00,912.00,5685.00,549.80,1198.04,0.00,237.32,4.672,0.592,450.6,17.99,1.07,0.00,0.08,write,random,2000000,8,1000,16,100
threads_8,1,measurement,tidesdb,ITER,3747465.78,0.534,0,0,0,0,0,0,0,0,549.80,1198.04,0.00,237.32,4.672,0.592,450.6,17.99,1.07,0.00,0.08,write,random,2000000,8,1000,16,100
threads_8,2,measurement,tidesdb,PUT,3144164.67,0.636,2190.23,697.48,31.84,2057.00,3503.00,4450.00,817.00,6432.00,549.84,1198.04,0.00,237.32,4.870,0.507,457.0,17.96,1.07,0.00,0.08,write,random,2000000,8,1000,16,100
threads_8,2,measurement,tidesdb,ITER,3701633.53,0.540,0,0,0,0,0,0,0,0,549.84,1198.04,0.00,237.32,4.870,0.507,457.0,17.96,1.07,0.00,0.08,write,random,2000000,8,1000,16,100
threads_8,3,measurement,tidesdb,PUT,3366606.63,0.594,2252.12,662.28,29.41,2158.00,3573.00,4151.00,863.00,4696.00,550.19,1198.09,0.00,237.38,4.832,0.629,484.2,18.01,1.07,0.00,0.08,write,random,2000000,8,1000,16,100
threads_8,3,measurement,tidesdb,ITER,3749692.99,0.533,0,0,0,0,0,0,0,0,550.19,1198.09,0.00,237.38,4.832,0.629,484.2,18.01,1.07,0.00,0.08,write,random,2000000,8,1000,16,100
threads_8,1,measurement,rocksdb,PUT,1815425.67,1.102,4399.57,1358.15,30.87,4208.00,7198.00,10302.00,2464.00,12664.00,146.84,1293.67,0.23,261.59,3.516,0.394,237.8,37.57,1.18,0.00,0.17,write,random,2000000,8,1000,16,100
threads_8,1,measurement,rocksdb,ITER,3711918.04,0.539,0,0,0,0,0,0,0,0,146.84,1293.67,0.23,261.59,3.516,0.394,237.8,37.57,1.18,0.00,0.17,write,random,2000000,8,1000,16,100
threads_8,2,measurement,rocksdb,PUT,1898377.93,1.054,4207.07,888.09,21.11,4169.00,5712.00,7730.00,2471.00,8969.00,127.35,1293.67,0.21,260.65,3.377,0.425,239.6,37.17,1.18,0.00,0.17,write,random,2000000,8,1000,16,100
threads_8,2,measurement,rocksdb,ITER,3785362.38,0.528,0,0,0,0,0,0,0,0,127.35,1293.67,0.21,260.65,3.377,0.425,239.6,37.17,1.18,0.00,0.17,write,random,2000000,8,1000,16,100
threads_8,3,measurement,rocksdb,PUT,1914975.11,1.044,4168.62,831.20,19.94,4202.00,5537.00,6604.00,2448.00,8158.00,137.22,1293.67,0.20,263.61,3.601,0.333,239.5,37.37,1.19,0.00,0.17,write,random,2000000,8,1000,16,100
threads_8,3,measurement,rocksdb,ITER,3362152.58,0.595,0,0,0,0,0,0,0,0,137.22,1293.67,0.20,263.61,3.601,0.333,239.5,37.37,1.19,0.00,0.17,write,random,2000000,8,1000,16,100
threads_16,1,measurement,tidesdb,PUT,3900878.67,0.513,3892.82,1159.46,29.78,3724.00,6080.00,8279.00,1435.00,11582.00,552.37,1198.21,0.00,237.17,5.953,0.773,656.0,17.69,1.07,0.00,0.08,write,random,2000000,16,1000,16,100
threads_16,1,measurement,tidesdb,ITER,3904442.67,0.512,0,0,0,0,0,0,0,0,552.37,1198.21,0.00,237.17,5.953,0.773,656.0,17.69,1.07,0.00,0.08,write,random,2000000,16,1000,16,100
threads_16,2,measurement,tidesdb,PUT,3908708.21,0.512,3972.41,1070.22,26.94,3834.00,5993.00,7178.00,1371.00,8877.00,552.53,1198.12,0.00,237.16,6.214,0.657,664.0,17.73,1.07,0.00,0.08,write,random,2000000,16,1000,16,100
threads_16,2,measurement,tidesdb,ITER,3825693.74,0.523,0,0,0,0,0,0,0,0,552.53,1198.12,0.00,237.16,6.214,0.657,664.0,17.73,1.07,0.00,0.08,write,random,2000000,16,1000,16,100
threads_16,3,measurement,tidesdb,PUT,4005519.61,0.499,3819.82,1038.43,27.19,3667.00,5794.00,7176.00,1021.00,8728.00,552.46,1198.37,0.00,237.22,5.855,0.717,648.8,17.71,1.07,0.00,0.08,write,random,2000000,16,1000,16,100
threads_16,3,measurement,tidesdb,ITER,3896493.55,0.513,0,0,0,0,0,0,0,0,552.46,1198.37,0.00,237.22,5.855,0.717,648.8,17.71,1.07,0.00,0.08,write,random,2000000,16,1000,16,100
threads_16,1,measurement,rocksdb,PUT,1883127.46,1.062,8462.50,1413.45,16.70,8455.00,10764.00,13690.00,3719.00,15931.00,144.00,1805.67,0.21,261.61,3.498,0.360,241.3,38.94,1.18,0.00,0.18,write,random,2000000,16,1000,16,100
threads_16,1,measurement,rocksdb,ITER,3751507.64,0.533,0,0,0,0,0,0,0,0,144.00,1805.67,0.21,261.61,3.498,0.360,241.3,38.94,1.18,0.00,0.18,write,random,2000000,16,1000,16,100
threads_16,2,measurement,rocksdb,PUT,1902985.78,1.051,8370.82,1440.93,17.21,8521.00,10761.00,11566.00,5066.00,15211.00,156.66,1805.67,0.18,261.69,3.494,0.335,242.8,39.26,1.18,0.00,0.18,write,random,2000000,16,1000,16,100
threads_16,2,measurement,rocksdb,ITER,3829884.20,0.522,0,0,0,0,0,0,0,0,156.66,1805.67,0.18,261.69,3.494,0.335,242.8,39.26,1.18,0.00,0.18,write,random,2000000,16,1000,16,100
threads_16,3,measurement,rocksdb,PUT,1921705.86,1.041,8295.23,1316.61,15.87,8426.00,10378.00,12184.00,4304.00,12821.00,139.79,1807.55,0.18,262.71,3.459,0.310,241.1,38.60,1.19,0.00,0.17,write,random,2000000,16,1000,16,100
threads_16,3,measurement,rocksdb,ITER,3863353.20,0.518,0,0,0,0,0,0,0,0,139.79,1807.55,0.18,262.71,3.459,0.310,241.1,38.60,1.19,0.00,0.17,write,random,2000000,16,1000,16,100
key_8B,1,measurement,tidesdb,PUT,2524016.01,1.981,2909.63,1058.95,36.39,2694.00,4861.00,5793.00,721.00,7258.00,1142.78,1809.82,0.04,568.14,17.176,1.054,550.2,44.94,1.10,0.00,0.09,write,random,5000000,8,1000,8,100
key_8B,1,measurement,tidesdb,ITER,3682000.73,1.332,0,0,0,0,0,0,0,0,1142.78,1809.82,0.04,568.14,17.176,1.054,550.2,44.94,1.10,0.00,0.09,write,random,5000000,8,1000,8,100
key_8B,2,measurement,tidesdb,PUT,2591983.00,1.929,2995.43,1118.53,37.34,2841.00,5077.00,6865.00,753.00,13986.00,1142.69,1809.07,0.02,567.85,17.756,1.127,558.9,44.65,1.10,0.00,0.09,write,random,5000000,8,1000,8,100
key_8B,2,measurement,tidesdb,ITER,3383712.54,1.449,0,0,0,0,0,0,0,0,1142.69,1809.07,0.02,567.85,17.756,1.127,558.9,44.65,1.10,0.00,0.09,write,random,5000000,8,1000,8,100
key_8B,3,measurement,tidesdb,PUT,2528941.20,1.977,3036.12,1098.93,36.20,2882.00,4989.00,6627.00,806.00,10346.00,1134.87,1799.66,0.01,565.88,17.534,1.119,562.2,44.99,1.10,0.00,0.09,write,random,5000000,8,1000,8,100
key_8B,3,measurement,tidesdb,ITER,3659669.56,1.340,0,0,0,0,0,0,0,0,1134.87,1799.66,0.01,565.88,17.534,1.119,562.2,44.99,1.10,0.00,0.09,write,random,5000000,8,1000,8,100
key_8B,1,measurement,rocksdb,PUT,1813389.20,2.757,4407.89,916.11,20.78,4339.00,5942.00,7701.00,2477.00,10256.00,209.18,1293.80,0.32,663.00,10.106,1.002,276.1,92.01,1.29,0.00,0.18,write,random,5000000,8,1000,8,100
key_8B,1,measurement,rocksdb,ITER,3873706.43,1.266,0,0,0,0,0,0,0,0,209.18,1293.80,0.32,663.00,10.106,1.002,276.1,92.01,1.29,0.00,0.18,write,random,5000000,8,1000,8,100
key_8B,2,measurement,rocksdb,PUT,1722189.48,2.903,4640.10,6395.20,137.82,4290.00,6018.00,8237.00,2466.00,164066.00,229.25,1298.57,0.29,656.16,10.264,0.896,266.2,91.18,1.27,0.00,0.18,write,random,5000000,8,1000,8,100
key_8B,2,measurement,rocksdb,ITER,3806153.18,1.288,0,0,0,0,0,0,0,0,229.25,1298.57,0.29,656.16,10.264,0.896,266.2,91.18,1.27,0.00,0.18,write,random,5000000,8,1000,8,100
key_8B,3,measurement,rocksdb,PUT,1621050.31,3.084,4931.44,15249.66,309.23,4230.00,5997.00,7732.00,2435.00,385608.00,277.72,1357.80,0.30,663.16,10.301,0.912,256.8,91.47,1.29,0.00,0.18,write,random,5000000,8,1000,8,100
key_8B,3,measurement,rocksdb,ITER,3828474.36,1.281,0,0,0,0,0,0,0,0,277.72,1357.80,0.30,663.16,10.301,0.912,256.8,91.47,1.29,0.00,0.18,write,random,5000000,8,1000,8,100
key_32B,1,measurement,tidesdb,PUT,2376242.89,2.104,3150.28,1162.18,36.89,2887.00,5372.00,6405.00,913.00,8280.00,1253.37,1798.36,0.01,681.10,18.475,1.232,556.6,46.64,1.08,0.00,0.07,write,random,5000000,8,1000,32,100
key_32B,1,measurement,tidesdb,ITER,3482403.42,1.436,0,0,0,0,0,0,0,0,1253.37,1798.36,0.01,681.10,18.475,1.232,556.6,46.64,1.08,0.00,0.07,write,random,5000000,8,1000,32,100
key_32B,2,measurement,tidesdb,PUT,2173735.36,2.300,3575.15,1287.76,36.02,3453.00,5626.00,7003.00,848.00,19700.00,1253.33,1800.51,0.02,681.64,20.252,1.363,591.4,46.70,1.08,0.00,0.07,write,random,5000000,8,1000,32,100
key_32B,2,measurement,tidesdb,ITER,3692244.07,1.354,0,0,0,0,0,0,0,0,1253.33,1800.51,0.02,681.64,20.252,1.363,591.4,46.70,1.08,0.00,0.07,write,random,5000000,8,1000,32,100
key_32B,3,measurement,tidesdb,PUT,2534638.37,1.973,2985.68,1169.68,39.18,2684.00,5202.00,6848.00,797.00,18047.00,1254.15,1808.53,0.01,683.45,17.350,1.256,562.7,47.10,1.09,0.00,0.07,write,random,5000000,8,1000,32,100
key_32B,3,measurement,tidesdb,ITER,3750794.23,1.333,0,0,0,0,0,0,0,0,1254.15,1808.53,0.01,683.45,17.350,1.256,562.7,47.10,1.09,0.00,0.07,write,random,5000000,8,1000,32,100
key_32B,1,measurement,rocksdb,PUT,2469834.67,2.024,3236.40,2956.32,91.35,2913.00,4307.00,8692.00,1575.00,53057.00,234.14,1294.83,0.32,769.94,11.007,1.006,359.0,98.16,1.22,0.00,0.16,write,random,5000000,8,1000,32,100
key_32B,1,measurement,rocksdb,ITER,3793056.89,1.318,0,0,0,0,0,0,0,0,234.14,1294.83,0.32,769.94,11.007,1.006,359.0,98.16,1.22,0.00,0.16,write,random,5000000,8,1000,32,100
key_32B,2,measurement,rocksdb,PUT,2272358.53,2.200,3518.29,9156.28,260.25,2979.00,4079.00,8724.00,1778.00,229314.00,281.87,1300.48,0.29,777.84,11.615,0.976,360.3,95.00,1.24,0.00,0.15,write,random,5000000,8,1000,32,100
key_32B,2,measurement,rocksdb,ITER,3873356.73,1.291,0,0,0,0,0,0,0,0,281.87,1300.48,0.29,777.84,11.615,0.976,360.3,95.00,1.24,0.00,0.15,write,random,5000000,8,1000,32,100
key_32B,3,measurement,rocksdb,PUT,2158712.89,2.316,3703.65,4785.18,129.20,3345.00,4421.00,8008.00,1729.00,92863.00,207.90,1299.71,0.27,774.94,12.248,1.212,372.7,93.47,1.23,0.00,0.15,write,random,5000000,8,1000,32,100
key_32B,3,measurement,rocksdb,ITER,3879577.90,1.289,0,0,0,0,0,0,0,0,207.90,1299.71,0.27,774.94,12.248,1.212,372.7,93.47,1.23,0.00,0.15,write,random,5000000,8,1000,32,100
key_64B,1,measurement,tidesdb,PUT,2177270.77,2.296,3368.28,1105.73,32.83,3301.00,5553.00,6438.00,938.00,8364.00,1417.40,1783.30,0.02,830.13,19.303,1.403,569.2,46.82,1.06,0.00,0.06,write,random,5000000,8,1000,64,100
key_64B,1,measurement,tidesdb,ITER,3729336.68,1.341,0,0,0,0,0,0,0,0,1417.40,1783.30,0.02,830.13,19.303,1.403,569.2,46.82,1.06,0.00,0.06,write,random,5000000,8,1000,64,100
key_64B,2,measurement,tidesdb,PUT,2225416.93,2.247,3306.67,1138.75,34.44,3138.00,5418.00,6642.00,968.00,8618.00,1417.67,1770.13,0.01,826.91,18.862,1.373,562.6,46.80,1.06,0.00,0.06,write,random,5000000,8,1000,64,100
key_64B,2,measurement,tidesdb,ITER,3705729.50,1.349,0,0,0,0,0,0,0,0,1417.67,1770.13,0.01,826.91,18.862,1.373,562.6,46.80,1.06,0.00,0.06,write,random,5000000,8,1000,64,100
key_64B,3,measurement,tidesdb,PUT,2148699.46,2.327,3423.24,1190.57,34.78,3170.00,5623.00,6502.00,922.00,12678.00,1426.27,1765.26,0.00,826.03,19.231,1.391,561.3,47.24,1.06,0.00,0.06,write,random,5000000,8,1000,64,100
key_64B,3,measurement,tidesdb,ITER,3713035.80,1.347,0,0,0,0,0,0,0,0,1426.27,1765.26,0.00,826.03,19.231,1.391,561.3,47.24,1.06,0.00,0.06,write,random,5000000,8,1000,64,100
key_64B,1,measurement,rocksdb,PUT,2286021.53,2.187,3480.57,2611.37,75.03,3276.00,4484.00,7532.00,1722.00,50332.00,183.81,1295.07,0.36,941.64,11.877,1.233,373.8,70.84,1.20,0.00,0.09,write,random,5000000,8,1000,64,100
key_64B,1,measurement,rocksdb,ITER,3811562.45,1.312,0,0,0,0,0,0,0,0,183.81,1295.07,0.36,941.64,11.877,1.233,373.8,70.84,1.20,0.00,0.09,write,random,5000000,8,1000,64,100
key_64B,2,measurement,rocksdb,PUT,2268836.22,2.204,3524.11,3276.78,92.98,3278.00,4536.00,6439.00,1679.00,66079.00,198.32,1295.07,0.34,942.47,12.075,1.086,370.8,72.26,1.21,0.00,0.09,write,random,5000000,8,1000,64,100
key_64B,2,measurement,rocksdb,ITER,3731446.32,1.340,0,0,0,0,0,0,0,0,198.32,1295.07,0.34,942.47,12.075,1.086,370.8,72.26,1.21,0.00,0.09,write,random,5000000,8,1000,64,100
key_64B,3,measurement,rocksdb,PUT,2215604.95,2.257,3571.52,3631.46,101.68,3321.00,4709.00,6646.00,1841.00,90480.00,201.36,1311.83,0.26,946.98,12.288,1.247,377.0,70.36,1.21,0.00,0.09,write,random,5000000,8,1000,64,100
key_64B,3,measurement,rocksdb,ITER,3769016.57,1.327,0,0,0,0,0,0,0,0,201.36,1311.83,0.26,946.98,12.288,1.247,377.0,70.36,1.21,0.00,0.09,write,random,5000000,8,1000,64,100
key_128B,1,measurement,tidesdb,PUT,1617098.81,3.092,4710.36,1358.56,28.84,4641.00,7152.00,8007.00,1228.00,9799.00,1752.78,2270.31,0.02,1134.15,25.932,2.072,611.5,48.12,1.04,0.00,0.04,write,random,5000000,8,1000,128,100
key_128B,1,measurement,tidesdb,ITER,3363060.55,1.487,0,0,0,0,0,0,0,0,1752.78,2270.31,0.02,1134.15,25.932,2.072,611.5,48.12,1.04,0.00,0.04,write,random,5000000,8,1000,128,100
key_128B,2,measurement,tidesdb,PUT,1821387.46,2.745,3966.45,1235.85,31.16,4029.00,6402.00,7146.00,1004.00,7950.00,1745.57,2266.89,0.02,1133.32,21.786,1.770,587.7,48.03,1.04,0.00,0.04,write,random,5000000,8,1000,128,100
key_128B,2,measurement,tidesdb,ITER,3960907.43,1.262,0,0,0,0,0,0,0,0,1745.57,2266.89,0.02,1133.32,21.786,1.770,587.7,48.03,1.04,0.00,0.04,write,random,5000000,8,1000,128,100
key_128B,3,measurement,tidesdb,PUT,1872382.18,2.670,4064.93,1207.11,29.70,4061.00,6448.00,7275.00,1112.00,10867.00,1752.45,2267.20,0.01,1133.46,22.127,1.961,611.6,48.17,1.04,0.00,0.04,write,random,5000000,8,1000,128,100
key_128B,3,measurement,tidesdb,ITER,3945268.08,1.267,0,0,0,0,0,0,0,0,1752.45,2267.20,0.01,1133.46,22.127,1.961,611.6,48.17,1.04,0.00,0.04,write,random,5000000,8,1000,128,100
key_128B,1,measurement,rocksdb,PUT,2008360.40,2.490,3980.41,1444.67,36.29,3814.00,5380.00,7307.00,2045.00,27220.00,343.22,1294.81,0.39,1263.89,13.943,1.339,379.1,97.14,1.16,0.00,0.09,write,random,5000000,8,1000,128,100
key_128B,1,measurement,rocksdb,ITER,3255723.40,1.536,0,0,0,0,0,0,0,0,343.22,1294.81,0.39,1263.89,13.943,1.339,379.1,97.14,1.16,0.00,0.09,write,random,5000000,8,1000,128,100
key_128B,2,measurement,rocksdb,PUT,2054729.78,2.433,3890.96,2040.66,52.45,3590.00,5216.00,13346.00,2007.00,30763.00,370.93,1327.70,0.39,1251.85,13.062,1.086,367.3,113.41,1.15,0.00,0.10,write,random,5000000,8,1000,128,100
key_128B,2,measurement,rocksdb,ITER,3530522.43,1.416,0,0,0,0,0,0,0,0,370.93,1327.70,0.39,1251.85,13.062,1.086,367.3,113.41,1.15,0.00,0.10,write,random,5000000,8,1000,128,100
key_128B,3,measurement,rocksdb,PUT,1779375.89,2.810,4492.98,7948.09,176.90,3806.00,5358.00,15816.00,2039.00,170248.00,342.21,1294.81,0.35,1253.23,12.949,1.473,339.8,96.45,1.15,0.00,0.09,write,random,5000000,8,1000,128,100
key_128B,3,measurement,rocksdb,ITER,3501964.60,1.428,0,0,0,0,0,0,0,0,342.21,1294.81,0.35,1253.23,12.949,1.473,339.8,96.45,1.15,0.00,0.09,write,random,5000000,8,1000,128,100
