engine,phase,elapsed_s,bytes,mb
rocksdb,prepare,0.0,78184448,74.6
rocksdb,prepare,3.0,497856512,474.8
rocksdb,prepare,6.0,837885952,799.1
rocksdb,prepare,9.0,1002188800,955.8
rocksdb,prepare,12.0,1249914880,1192.0
rocksdb,prepare,15.3,1333944320,1272.1
rocksdb,prepare,18.3,1594306560,1520.4
rocksdb,prepare,21.3,1736105984,1655.7
rocksdb,prepare,24.3,1851396096,1765.6
rocksdb,prepare,27.3,1938837504,1849.0
rocksdb,prepare,30.4,2080641024,1984.3
rocksdb,prepare,33.4,2128781312,2030.2
rocksdb,prepare,36.4,2276413440,2171.0
rocksdb,prepare,39.6,2357043200,2247.9
rocksdb,prepare,42.6,2493022208,2377.5
rocksdb,prepare,45.7,2540191744,2422.5
rocksdb,prepare,48.7,2620821504,2499.4
rocksdb,prepare,51.7,2769436672,2641.1
rocksdb,prepare,54.7,2905415680,2770.8
rocksdb,prepare,57.9,2884603904,2751.0
rocksdb,prepare,61.1,2972045312,2834.4
rocksdb,prepare,64.1,3113852928,2969.6
rocksdb,prepare,67.1,3317825536,3164.1
rocksdb,prepare,70.2,3094994944,2951.6
rocksdb,prepare,73.2,3336040448,3181.5
rocksdb,prepare,76.2,3458392064,3298.2
rocksdb,prepare,79.2,3662360576,3492.7
rocksdb,prepare,82.2,3420078080,3261.6
rocksdb,prepare,85.3,3641540608,3472.8
rocksdb,prepare,88.3,3870781440,3691.5
rocksdb,prepare,91.3,4006756352,3821.1
rocksdb,prepare,94.3,4142727168,3950.8
rocksdb,prepare,97.3,3924750336,3742.9
rocksdb,prepare,100.4,4079190016,3890.2
rocksdb,prepare,103.4,4215169024,4019.9
rocksdb,prepare,106.4,4283158528,4084.7
rocksdb,prepare,109.4,4487122944,4279.3
rocksdb,prepare,112.4,4183732224,3989.9
rocksdb,prepare,115.4,1213227008,1157.0
rocksdb,prepare,118.4,1349201920,1286.7
rocksdb,prepare,121.4,1553166336,1481.2
rocksdb,prepare,124.4,1689141248,1610.9
rocksdb,prepare,127.4,2046091264,1951.3
rocksdb,prepare,130.6,1509892096,1439.9
rocksdb,prepare,133.7,1650708480,1574.2
rocksdb,prepare,136.7,1786683392,1703.9
rocksdb,prepare,139.7,1922662400,1833.6
rocksdb,prepare,142.7,2213089280,2110.6
rocksdb,prepare,145.7,2349068288,2240.2
rocksdb,prepare,148.7,1839222784,1754.0
rocksdb,prepare,151.7,2073333760,1977.3
rocksdb,prepare,154.7,2302574592,2195.9
rocksdb,prepare,157.7,2438557696,2325.6
rocksdb,prepare,160.7,2574536704,2455.3
rocksdb,prepare,163.8,2870796288,2737.8
rocksdb,prepare,166.8,2991308800,2852.7
rocksdb,prepare,169.8,2257575936,2153.0
rocksdb,prepare,172.8,2437308416,2324.4
rocksdb,prepare,175.8,2765242368,2637.1
rocksdb,prepare,178.9,3023056896,2883.0
rocksdb,prepare,181.9,3104247808,2960.4
rocksdb,prepare,184.9,3215425536,3066.5
rocksdb,prepare,188.0,3456897024,3296.8
rocksdb,prepare,191.1,3599826944,3433.1
rocksdb,prepare,194.1,3721523200,3549.1
rocksdb,prepare,197.2,3795910656,3620.1
rocksdb,prepare,200.3,3945656320,3762.9
rocksdb,prepare,203.4,3907076096,3726.1
rocksdb,prepare,206.4,4060676096,3872.6
rocksdb,prepare,209.4,4291620864,4092.8
rocksdb,prepare,212.4,4360179712,4158.2
rocksdb,prepare,215.4,4253044736,4056.0
rocksdb,prepare,219.0,4475076608,4267.8
rocksdb,prepare,222.1,4637454336,4422.6
rocksdb,prepare,225.1,4774567936,4553.4
rocksdb,prepare,228.1,4598874112,4385.8
rocksdb,prepare,231.1,4764979200,4544.2
rocksdb,prepare,234.1,4846170112,4621.7
rocksdb,prepare,237.5,5051838464,4817.8
rocksdb,prepare,240.5,5262766080,5019.0
rocksdb,prepare,243.5,4957347840,4727.7
rocksdb,prepare,246.5,5344911360,5097.3
rocksdb,prepare,249.6,5432930304,5181.2
rocksdb,prepare,252.6,2291699712,2185.5
rocksdb,prepare,255.6,2428809216,2316.3
rocksdb,prepare,258.6,2782932992,2654.0
rocksdb,prepare,261.6,2340384768,2232.0
rocksdb,prepare,264.7,2654273536,2531.3
rocksdb,prepare,267.9,2885079040,2751.4
rocksdb,prepare,270.9,3022188544,2882.2
rocksdb,prepare,274.0,3159298048,3012.9
rocksdb,prepare,277.0,3296407552,3143.7
rocksdb,prepare,280.0,3781931008,3606.7
rocksdb,prepare,283.0,3012603904,2873.0
rocksdb,prepare,286.0,3266723840,3115.4
rocksdb,prepare,289.0,3403833344,3246.1
rocksdb,prepare,292.0,3540942848,3376.9
rocksdb,prepare,295.1,3678052352,3507.7
rocksdb,prepare,298.1,3815165952,3638.4
rocksdb,prepare,301.1,3451838464,3291.9
rocksdb,prepare,304.1,3691765760,3520.7
rocksdb,prepare,307.2,3772960768,3598.2
rocksdb,prepare,310.2,3991261184,3806.4
rocksdb,prepare,313.2,4128374784,3937.1
rocksdb,prepare,316.3,4265484288,4067.9
rocksdb,prepare,319.3,4471144448,4264.0
rocksdb,prepare,322.3,4760834048,4540.3
rocksdb,prepare,325.4,3983220736,3798.7
rocksdb,prepare,328.4,4296974336,4097.9
rocksdb,prepare,331.4,4459364352,4252.8
rocksdb,prepare,334.7,4665032704,4448.9
rocksdb,prepare,337.7,4870692864,4645.1
rocksdb,prepare,340.7,5007802368,4775.8
rocksdb,prepare,343.7,4322238464,4122.0
rocksdb,prepare,346.7,4730806272,4511.6
rocksdb,prepare,349.7,4942430208,4713.5
rocksdb,prepare,352.7,5148094464,4909.6
rocksdb,prepare,355.7,5422313472,5171.1
rocksdb,prepare,358.7,4909125632,4681.7
rocksdb,prepare,361.8,5267136512,5023.1
rocksdb,prepare,364.9,5428953088,5177.5
rocksdb,prepare,367.9,5565501440,5307.7
rocksdb,prepare,371.0,5762555904,5495.6
rocksdb,prepare,374.0,5986127872,5708.8
rocksdb,prepare,377.0,6123241472,5839.6
rocksdb,prepare,380.0,6260355072,5970.3
rocksdb,prepare,383.3,5422850048,5171.6
rocksdb,prepare,386.3,5578420224,5320.0
rocksdb,prepare,389.3,5715529728,5450.8
rocksdb,prepare,392.3,5852643328,5581.5
rocksdb,prepare,395.4,5989748736,5712.3
rocksdb,prepare,398.4,6126858240,5843.0
rocksdb,prepare,401.4,5534695424,5278.3
rocksdb,prepare,404.4,5839450112,5568.9
rocksdb,prepare,407.4,5992927232,5715.3
rocksdb,prepare,410.4,6061481984,5780.7
rocksdb,prepare,413.5,6267146240,5976.8
rocksdb,prepare,416.5,6404255744,6107.6
rocksdb,prepare,419.5,6609920000,6303.7
rocksdb,prepare,422.5,6747033600,6434.5
rocksdb,prepare,425.5,6189010944,5902.3
rocksdb,prepare,428.5,3218919424,3069.8
rocksdb,prepare,431.5,3356028928,3200.6
rocksdb,prepare,434.5,3493138432,3331.3
rocksdb,prepare,437.5,3698802688,3527.5
rocksdb,prepare,440.5,3898974208,3718.4
rocksdb,prepare,443.6,4015345664,3829.3
rocksdb,prepare,446.7,3330547712,3176.3
rocksdb,prepare,449.7,3578834944,3413.0
rocksdb,prepare,452.9,3721773056,3549.4
rocksdb,prepare,456.0,3927437312,3745.5
rocksdb,prepare,459.0,4064546816,3876.3
rocksdb,prepare,462.0,4435763200,4230.3
rocksdb,prepare,465.0,4483575808,4275.9
rocksdb,prepare,468.1,4689244160,4472.0
rocksdb,prepare,471.1,3917283328,3735.8
rocksdb,prepare,474.1,4283158528,4084.7
rocksdb,prepare,477.1,4308783104,4109.2
rocksdb,prepare,480.1,4465348608,4258.5
rocksdb,prepare,483.1,4671565824,4455.2
rocksdb,prepare,486.1,4897017856,4670.2
rocksdb,prepare,489.1,5034131456,4800.9
rocksdb,prepare,492.2,5171236864,4931.7
rocksdb,prepare,495.2,5308346368,5062.4
rocksdb,prepare,498.2,5507915776,5252.8
rocksdb,prepare,501.2,4591468544,4378.8
rocksdb,prepare,504.2,4826554368,4603.0
rocksdb,prepare,507.3,4981006336,4750.3
rocksdb,prepare,510.3,5277265920,5032.8
rocksdb,prepare,513.3,5122682880,4885.4
rocksdb,prepare,516.3,5197066240,4956.3
rocksdb,prepare,519.4,5334175744,5087.1
rocksdb,prepare,522.4,5911052288,5637.2
rocksdb,prepare,525.4,5146525696,4908.1
rocksdb,prepare,528.4,5319450624,5073.0
rocksdb,prepare,531.4,5578829824,5320.4
rocksdb,prepare,534.4,5784498176,5516.5
rocksdb,prepare,537.5,5921607680,5647.3
rocksdb,prepare,540.5,6058717184,5778.0
rocksdb,prepare,543.5,6350839808,6056.6
rocksdb,prepare,546.6,6487949312,6187.4
rocksdb,prepare,549.6,5832376320,5562.2
rocksdb,prepare,552.6,6098583552,5816.1
rocksdb,prepare,556.0,6303252480,6011.2
rocksdb,prepare,559.0,6508916736,6207.4
rocksdb,prepare,562.0,6646026240,6338.1
rocksdb,prepare,565.0,6851694592,6534.3
rocksdb,prepare,568.0,7108366336,6779.1
rocksdb,prepare,571.0,6356946944,6062.5
rocksdb,prepare,574.0,6603821056,6297.9
rocksdb,prepare,577.2,6753566720,6440.7
rocksdb,prepare,580.3,6890680320,6571.5
rocksdb,prepare,583.3,7096340480,6767.6
rocksdb,prepare,586.3,7302004736,6963.7
rocksdb,prepare,589.3,7525576704,7176.9
rocksdb,prepare,592.3,6702911488,6392.4
rocksdb,prepare,595.3,7091470336,6763.0
rocksdb,prepare,598.4,7394799616,7052.2
rocksdb,prepare,601.6,4047458304,3860.0
rocksdb,prepare,604.6,4184567808,3990.7
rocksdb,prepare,607.8,4476694528,4269.3
rocksdb,prepare,610.9,4750913536,4530.8
rocksdb,prepare,613.9,4164022272,3971.1
rocksdb,prepare,616.9,4398682112,4194.9
rocksdb,prepare,619.9,4479877120,4272.3
rocksdb,prepare,622.9,4685541376,4468.5
rocksdb,prepare,625.9,4822650880,4599.2
rocksdb,prepare,628.9,4959764480,4730.0
rocksdb,prepare,632.2,5231419392,4989.1
rocksdb,prepare,635.2,4811939840,4589.0
rocksdb,prepare,638.2,5103484928,4867.1
rocksdb,prepare,641.2,5162733568,4923.6
rocksdb,prepare,644.2,5368393728,5119.7
rocksdb,prepare,647.3,5574057984,5315.8
rocksdb,prepare,650.3,5711167488,5446.6
rocksdb,prepare,653.4,6082379776,5800.6
rocksdb,prepare,656.4,4938334208,4709.6
rocksdb,prepare,659.4,5264728064,5020.8
rocksdb,prepare,662.8,5427240960,5175.8
rocksdb,prepare,665.8,5632905216,5372.0
rocksdb,prepare,668.8,5770014720,5502.7
rocksdb,prepare,671.8,5975678976,5698.9
rocksdb,prepare,674.8,6112788480,5829.6
rocksdb,prepare,677.9,6506229760,6204.8
rocksdb,prepare,680.9,5543673856,5286.9
rocksdb,prepare,683.9,5839495168,5569.0
rocksdb,prepare,686.9,5868802048,5596.9
rocksdb,prepare,689.9,6031179776,5751.8
rocksdb,prepare,693.0,6168289280,5882.5
rocksdb,prepare,696.0,6539501568,6236.6
rocksdb,prepare,699.0,6587314176,6282.2
rocksdb,prepare,702.0,6792978432,6478.3
rocksdb,prepare,705.0,6930087936,6609.0
rocksdb,prepare,708.0,7031328768,6705.6
rocksdb,prepare,711.1,6220861440,5932.7
rocksdb,prepare,714.1,6278148096,5987.3
rocksdb,prepare,717.1,6278148096,5987.3
rocksdb,prepare,720.1,6278148096,5987.3
rocksdb,prepare,723.1,6278148096,5987.3
rocksdb,prepare,726.1,6278148096,5987.3
rocksdb,prepare,729.1,6228422656,5939.9
rocksdb,run,732.1,6330662912,6037.4
rocksdb,run,735.1,6319771648,6027.0
rocksdb,run,738.2,6325350400,6032.3
rocksdb,run,741.2,6317096960,6024.5
rocksdb,run,744.2,6248198144,5958.7
rocksdb,run,747.2,6248198144,5958.7
rocksdb,run,750.2,6248198144,5958.7
rocksdb,run,753.2,6405496832,6108.8
rocksdb,run,756.3,6570196992,6265.8
rocksdb,run,759.3,6707306496,6396.6
rocksdb,run,762.4,6844416000,6527.3
rocksdb,run,765.6,6981525504,6658.1
rocksdb,run,768.6,7187185664,6854.2
rocksdb,run,771.7,7324299264,6985.0
rocksdb,run,774.7,7461408768,7115.8
rocksdb,run,777.7,7600758784,7248.6
rocksdb,run,780.8,6330056704,6036.8
rocksdb,run,783.8,6330056704,6036.8
rocksdb,run,786.9,6330056704,6036.8
rocksdb,run,789.9,6330056704,6036.8
rocksdb,run,792.9,6330056704,6036.8
rocksdb,run,795.9,6330056704,6036.8
rocksdb,run,798.9,6330056704,6036.8
rocksdb,run,801.9,6330056704,6036.8
rocksdb,run,805.0,6330056704,6036.8
rocksdb,run,808.0,6330056704,6036.8
rocksdb,run,811.0,6330056704,6036.8
rocksdb,run,814.0,6330056704,6036.8
rocksdb,run,817.0,6330056704,6036.8
rocksdb,run,820.0,6330056704,6036.8
rocksdb,run,823.1,6330056704,6036.8
rocksdb,run,826.1,6330056704,6036.8
rocksdb,run,829.1,6330056704,6036.8
rocksdb,run,832.1,6330056704,6036.8
rocksdb,run,835.1,6330056704,6036.8
rocksdb,run,838.1,6330056704,6036.8
rocksdb,run,841.1,6411055104,6114.1
rocksdb,run,844.2,6411055104,6114.1
rocksdb,run,847.2,6411055104,6114.1
rocksdb,run,850.2,6411055104,6114.1
tidesdb,prepare,0.0,8192,0.0
tidesdb,prepare,3.0,926441472,883.5
tidesdb,prepare,6.0,2262216704,2157.4
tidesdb,prepare,9.0,2763579392,2635.6
tidesdb,prepare,12.2,3188850688,3041.1
tidesdb,prepare,15.3,3405864960,3248.1
tidesdb,prepare,18.6,3697782784,3526.5
tidesdb,prepare,21.6,3704201216,3532.6
tidesdb,prepare,24.7,3936563200,3754.2
tidesdb,prepare,28.0,3921817600,3740.1
tidesdb,prepare,31.2,4307656704,4108.1
tidesdb,prepare,34.6,4345745408,4144.4
tidesdb,prepare,37.6,4257853440,4060.6
tidesdb,prepare,51.8,5113569280,4876.7
tidesdb,prepare,54.8,5354639360,5106.6
tidesdb,prepare,57.8,5628026880,5367.3
tidesdb,prepare,61.0,5531361280,5275.1
tidesdb,prepare,64.0,5679255552,5416.2
tidesdb,prepare,67.0,5487357952,5233.2
tidesdb,prepare,70.1,5630730240,5369.9
tidesdb,prepare,73.1,5674123264,5411.3
tidesdb,prepare,76.1,5248589824,5005.4
tidesdb,prepare,80.3,4968960000,4738.8
tidesdb,prepare,83.3,5103177728,4866.8
tidesdb,prepare,86.3,5354475520,5106.4
tidesdb,prepare,89.4,4767588352,4546.7
tidesdb,prepare,92.4,4968910848,4738.7
tidesdb,prepare,95.4,5707145216,5442.8
tidesdb,prepare,98.7,5539831808,5283.2
tidesdb,prepare,101.7,5617782784,5357.5
tidesdb,prepare,104.7,5646209024,5384.6
tidesdb,prepare,107.7,5310599168,5064.6
tidesdb,prepare,110.7,5579030528,5320.6
tidesdb,prepare,113.9,5713256448,5448.6
tidesdb,prepare,116.9,6115909632,5832.6
tidesdb,prepare,119.9,6384345088,6088.6
tidesdb,prepare,123.0,5154967552,4916.2
tidesdb,prepare,126.0,5325901824,5079.2
tidesdb,run,129.0,4872224768,4646.5
tidesdb,run,132.0,5121556480,4884.3
tidesdb,run,135.0,5197762560,4957.0
tidesdb,run,138.0,5502537728,5247.6
tidesdb,run,141.0,5798223872,5529.6
tidesdb,run,144.0,5941534720,5666.3
tidesdb,run,147.0,6044909568,5764.9
tidesdb,run,150.1,6112038912,5828.9
tidesdb,run,153.1,6340751360,6047.0
tidesdb,run,156.1,6416941056,6119.7
tidesdb,run,159.1,6569406464,6265.1
tidesdb,run,162.1,6788964352,6474.5
tidesdb,run,165.1,7026778112,6701.3
tidesdb,run,168.1,7237230592,6902.0
tidesdb,run,171.1,7398834176,7056.1
tidesdb,run,174.1,7627534336,7274.2
tidesdb,run,177.2,7703769088,7346.9
tidesdb,run,180.2,7932473344,7565.0
tidesdb,run,183.2,8008708096,7637.7
tidesdb,run,186.2,8313634816,7928.5
tidesdb,run,189.2,8618573824,8219.3
tidesdb,run,192.2,8780152832,8373.4
tidesdb,run,195.4,7845961728,7482.5
tidesdb,run,198.4,6832332800,6515.8
tidesdb,run,201.5,5800984576,5532.2
tidesdb,run,204.5,5800984576,5532.2
tidesdb,run,207.5,5800984576,5532.2
tidesdb,run,210.5,5800984576,5532.2
tidesdb,run,213.5,5868093440,5596.2
tidesdb,run,216.5,5868093440,5596.2
tidesdb,run,219.5,4877643776,4651.7
tidesdb,run,222.5,4877643776,4651.7
tidesdb,run,225.5,4877643776,4651.7
tidesdb,run,228.5,4877643776,4651.7
tidesdb,run,231.5,5295132672,5049.8
tidesdb,run,234.6,4881661952,4655.5
tidesdb,run,237.6,4813996032,4591.0
tidesdb,run,240.6,4813996032,4591.0
tidesdb,run,243.6,4813996032,4591.0
