engine,workload,threads,table_size,iteration,time_s,tps,qps,latency_avg_ms,latency_p95_ms
InnoDB,oltp_read_write,1,25000000,1,10,137.77,2756.23,36.89,36.89
InnoDB,oltp_read_write,1,25000000,1,20,170.40,3407.78,20.37,20.37
InnoDB,oltp_read_write,1,25000000,1,30,137.90,2758.06,38.25,38.25
InnoDB,oltp_read_write,1,25000000,1,40,120.70,2413.96,41.10,41.10
InnoDB,oltp_read_write,1,25000000,1,50,149.80,2996.59,33.72,33.72
InnoDB,oltp_read_write,1,25000000,1,60,178.20,3564.32,10.84,10.84
InnoDB,oltp_read_write,1,25000000,1,70,179.50,3588.79,9.06,9.06
InnoDB,oltp_read_write,1,25000000,1,80,169.00,3379.97,12.75,12.75
InnoDB,oltp_read_write,1,25000000,1,90,156.70,3134.81,12.52,12.52
InnoDB,oltp_read_write,1,25000000,1,100,150.20,3003.90,29.19,29.19
InnoDB,oltp_read_write,1,25000000,1,110,175.80,3516.12,11.04,11.04
InnoDB,oltp_read_write,1,25000000,1,120,142.20,2843.94,30.26,30.26
InnoDB,oltp_read_write,1,25000000,1,130,173.80,3476.43,12.30,12.30
InnoDB,oltp_read_write,1,25000000,1,140,136.12,2722.20,25.28,25.28
InnoDB,oltp_read_write,1,25000000,1,150,181.38,3628.04,12.30,12.30
InnoDB,oltp_read_write,1,25000000,1,160,184.10,3681.74,10.84,10.84
InnoDB,oltp_read_write,1,25000000,1,170,173.70,3472.80,13.95,13.95
InnoDB,oltp_read_write,1,25000000,1,180,180.70,3613.91,13.70,13.70
InnoDB,oltp_point_select,1,25000000,1,10,7370.18,7370.18,0.17,0.17
InnoDB,oltp_point_select,1,25000000,1,20,7349.58,7349.58,0.18,0.18
InnoDB,oltp_point_select,1,25000000,1,30,7370.31,7370.31,0.17,0.17
InnoDB,oltp_point_select,1,25000000,1,40,7296.40,7296.40,0.18,0.18
InnoDB,oltp_point_select,1,25000000,1,50,7322.00,7322.00,0.18,0.18
InnoDB,oltp_point_select,1,25000000,1,60,7286.00,7286.00,0.18,0.18
InnoDB,oltp_point_select,1,25000000,1,70,7302.21,7302.21,0.18,0.18
InnoDB,oltp_point_select,1,25000000,1,80,7327.80,7327.80,0.18,0.18
InnoDB,oltp_point_select,1,25000000,1,90,7320.30,7320.30,0.18,0.18
InnoDB,oltp_point_select,1,25000000,1,100,7273.89,7273.89,0.18,0.18
InnoDB,oltp_point_select,1,25000000,1,110,7291.70,7291.70,0.18,0.18
InnoDB,oltp_point_select,1,25000000,1,120,7457.01,7457.01,0.17,0.17
InnoDB,oltp_point_select,1,25000000,1,130,7459.30,7459.30,0.17,0.17
InnoDB,oltp_point_select,1,25000000,1,140,7348.80,7348.80,0.18,0.18
InnoDB,oltp_point_select,1,25000000,1,150,7321.00,7321.00,0.18,0.18
InnoDB,oltp_point_select,1,25000000,1,160,7314.11,7314.11,0.18,0.18
InnoDB,oltp_point_select,1,25000000,1,170,7415.49,7415.49,0.17,0.17
InnoDB,oltp_insert,1,25000000,1,10,6778.65,6778.65,0.13,0.13
InnoDB,oltp_insert,1,25000000,1,20,7502.88,7502.88,0.12,0.12
InnoDB,oltp_insert,1,25000000,1,30,7837.41,7837.41,0.12,0.12
InnoDB,oltp_insert,1,25000000,1,40,8400.31,8400.31,0.12,0.12
InnoDB,oltp_insert,1,25000000,1,50,7103.26,7103.26,0.12,0.12
InnoDB,oltp_insert,1,25000000,1,60,5998.28,5998.28,0.12,0.12
InnoDB,oltp_insert,1,25000000,1,70,8164.50,8164.50,0.12,0.12
InnoDB,oltp_insert,1,25000000,1,80,8000.94,8000.94,0.13,0.13
InnoDB,oltp_insert,1,25000000,1,90,7620.98,7620.98,0.12,0.12
InnoDB,oltp_insert,1,25000000,1,100,8121.73,8121.73,0.12,0.12
InnoDB,oltp_insert,1,25000000,1,110,7755.97,7755.97,0.12,0.12
InnoDB,oltp_insert,1,25000000,1,120,8115.65,8115.65,0.12,0.12
InnoDB,oltp_insert,1,25000000,1,130,7268.57,7268.57,0.12,0.12
InnoDB,oltp_insert,1,25000000,1,140,6964.20,6964.20,0.12,0.12
InnoDB,oltp_insert,1,25000000,1,150,8270.19,8270.19,0.12,0.12
InnoDB,oltp_insert,1,25000000,1,160,7678.81,7678.81,0.13,0.13
InnoDB,oltp_insert,1,25000000,1,170,7219.77,7219.77,0.12,0.12
InnoDB,oltp_write_only,1,25000000,1,10,443.10,2659.01,9.06,9.06
InnoDB,oltp_write_only,1,25000000,1,20,438.91,2633.33,9.06,9.06
InnoDB,oltp_write_only,1,25000000,1,30,407.70,2446.02,9.06,9.06
InnoDB,oltp_write_only,1,25000000,1,40,462.69,2776.37,8.90,8.90
InnoDB,oltp_write_only,1,25000000,1,50,431.60,2589.61,8.90,8.90
InnoDB,oltp_write_only,1,25000000,1,60,449.71,2698.38,8.74,8.74
InnoDB,oltp_write_only,1,25000000,1,70,474.30,2845.67,8.90,8.90
InnoDB,oltp_write_only,1,25000000,1,80,466.90,2801.40,8.90,8.90
InnoDB,oltp_write_only,1,25000000,1,90,524.99,3149.86,8.74,8.74
InnoDB,oltp_write_only,1,25000000,1,100,426.53,2559.16,8.90,8.90
InnoDB,oltp_write_only,1,25000000,1,110,491.67,2950.02,8.90,8.90
InnoDB,oltp_write_only,1,25000000,1,120,477.63,2865.70,8.90,8.90
InnoDB,oltp_write_only,1,25000000,1,130,501.76,3010.68,8.90,8.90
InnoDB,oltp_write_only,1,25000000,1,140,487.61,2925.54,8.90,8.90
InnoDB,oltp_write_only,1,25000000,1,150,503.18,3019.30,8.90,8.90
InnoDB,oltp_write_only,1,25000000,1,160,454.75,2728.33,8.90,8.90
InnoDB,oltp_write_only,1,25000000,1,170,489.34,2936.07,8.74,8.74
InnoDB,oltp_write_only,1,25000000,1,180,522.66,3135.94,8.74,8.74
TidesDB,oltp_read_write,1,25000000,1,10,0.00,1.20,0.00,0.00
TidesDB,oltp_read_write,1,25000000,1,20,0.00,0.10,0.00,0.00
TidesDB,oltp_read_write,1,25000000,1,30,0.00,0.00,0.00,0.00
TidesDB,oltp_read_write,1,25000000,1,40,0.10,1.90,30469.90,30469.90
TidesDB,oltp_read_write,1,25000000,1,50,0.10,1.90,15371.13,15371.13
TidesDB,oltp_read_write,1,25000000,1,60,0.00,0.00,0.00,0.00
TidesDB,oltp_read_write,1,25000000,1,70,0.00,0.20,0.00,0.00
TidesDB,oltp_read_write,1,25000000,1,80,0.00,0.10,0.00,0.00
TidesDB,oltp_read_write,1,25000000,1,90,0.00,0.00,0.00,0.00
TidesDB,oltp_read_write,1,25000000,1,100,0.20,3.70,48662.51,48662.51
TidesDB,oltp_read_write,1,25000000,1,110,0.20,4.30,15371.13,15371.13
TidesDB,oltp_read_write,1,25000000,1,120,0.00,0.00,0.00,0.00
TidesDB,oltp_read_write,1,25000000,1,130,0.10,2.00,15371.13,15371.13
TidesDB,oltp_read_write,1,25000000,1,140,0.00,0.00,0.00,0.00
TidesDB,oltp_read_write,1,25000000,1,150,0.10,1.80,15371.13,15371.13
TidesDB,oltp_read_write,1,25000000,1,160,0.20,4.10,15371.13,15371.13
TidesDB,oltp_read_write,1,25000000,1,170,0.00,0.00,0.00,0.00
TidesDB,oltp_read_write,1,25000000,1,180,0.00,0.10,0.00,0.00
TidesDB,oltp_point_select,1,25000000,1,10,8843.93,8843.93,0.17,0.17
TidesDB,oltp_point_select,1,25000000,1,20,8835.46,8835.46,0.17,0.17
TidesDB,oltp_point_select,1,25000000,1,30,8672.49,8672.49,0.17,0.17
TidesDB,oltp_point_select,1,25000000,1,40,8711.70,8711.70,0.17,0.17
TidesDB,oltp_point_select,1,25000000,1,50,8717.51,8717.51,0.17,0.17
TidesDB,oltp_point_select,1,25000000,1,60,8535.50,8535.50,0.17,0.17
TidesDB,oltp_point_select,1,25000000,1,70,8316.50,8316.50,0.17,0.17
TidesDB,oltp_point_select,1,25000000,1,80,8370.43,8370.43,0.17,0.17
TidesDB,oltp_point_select,1,25000000,1,90,8216.88,8216.88,0.17,0.17
TidesDB,oltp_point_select,1,25000000,1,100,8209.73,8209.73,0.17,0.17
TidesDB,oltp_point_select,1,25000000,1,110,7952.47,7952.47,0.17,0.17
TidesDB,oltp_point_select,1,25000000,1,120,7885.39,7885.39,0.17,0.17
TidesDB,oltp_point_select,1,25000000,1,130,7756.92,7756.92,0.17,0.17
TidesDB,oltp_point_select,1,25000000,1,140,7994.43,7994.43,0.17,0.17
TidesDB,oltp_point_select,1,25000000,1,150,7658.17,7658.17,0.18,0.18
TidesDB,oltp_point_select,1,25000000,1,160,7637.62,7637.62,0.18,0.18
TidesDB,oltp_point_select,1,25000000,1,170,7650.38,7650.38,0.17,0.17
TidesDB,oltp_insert,1,25000000,1,10,12799.83,12799.83,0.08,0.08
TidesDB,oltp_insert,1,25000000,1,20,12653.99,12653.99,0.09,0.09
TidesDB,oltp_insert,1,25000000,1,30,12783.41,12783.41,0.08,0.08
TidesDB,oltp_insert,1,25000000,1,40,12871.48,12871.48,0.08,0.08
TidesDB,oltp_insert,1,25000000,1,50,12780.85,12780.85,0.08,0.08
TidesDB,oltp_insert,1,25000000,1,60,12733.55,12733.55,0.08,0.08
TidesDB,oltp_insert,1,25000000,1,70,12720.98,12720.98,0.08,0.08
TidesDB,oltp_insert,1,25000000,1,80,12431.61,12431.61,0.09,0.09
TidesDB,oltp_insert,1,25000000,1,90,12745.14,12745.14,0.09,0.09
TidesDB,oltp_insert,1,25000000,1,100,13072.33,13072.33,0.08,0.08
TidesDB,oltp_insert,1,25000000,1,110,12711.90,12711.90,0.09,0.09
TidesDB,oltp_insert,1,25000000,1,120,12876.30,12876.30,0.08,0.08
TidesDB,oltp_insert,1,25000000,1,130,12781.99,12781.99,0.09,0.09
TidesDB,oltp_insert,1,25000000,1,140,12896.40,12896.40,0.08,0.08
TidesDB,oltp_insert,1,25000000,1,150,12970.50,12970.50,0.08,0.08
TidesDB,oltp_insert,1,25000000,1,160,12916.92,12916.92,0.08,0.08
TidesDB,oltp_insert,1,25000000,1,170,12792.67,12792.67,0.08,0.08
TidesDB,oltp_write_only,1,25000000,1,10,1750.90,10505.67,0.70,0.70
TidesDB,oltp_write_only,1,25000000,1,20,1754.27,10525.60,0.70,0.70
TidesDB,oltp_write_only,1,25000000,1,30,1725.91,10355.44,0.72,0.72
TidesDB,oltp_write_only,1,25000000,1,40,1760.39,10562.36,0.70,0.70
TidesDB,oltp_write_only,1,25000000,1,50,1763.51,10581.05,0.70,0.70
TidesDB,oltp_write_only,1,25000000,1,60,1744.79,10468.55,0.73,0.73
TidesDB,oltp_write_only,1,25000000,1,70,1674.81,10048.95,0.77,0.77
TidesDB,oltp_write_only,1,25000000,1,80,1670.69,10024.16,0.77,0.77
TidesDB,oltp_write_only,1,25000000,1,90,1597.91,9587.53,0.81,0.81
TidesDB,oltp_write_only,1,25000000,1,100,1613.49,9680.76,0.80,0.80
TidesDB,oltp_write_only,1,25000000,1,110,1551.21,9307.25,0.83,0.83
TidesDB,oltp_write_only,1,25000000,1,120,1640.79,9844.75,0.78,0.78
TidesDB,oltp_write_only,1,25000000,1,130,1548.61,9291.84,0.84,0.84
TidesDB,oltp_write_only,1,25000000,1,140,1516.40,9098.17,0.86,0.86
TidesDB,oltp_write_only,1,25000000,1,150,1496.50,8979.13,0.87,0.87
TidesDB,oltp_write_only,1,25000000,1,160,1463.20,8779.27,0.89,0.89
TidesDB,oltp_write_only,1,25000000,1,170,1446.60,8679.52,0.89,0.89
InnoDB,oltp_read_write,4,25000000,1,10,348.76,6979.96,44.98,44.98
InnoDB,oltp_read_write,4,25000000,1,20,345.35,6907.70,47.47,47.47
InnoDB,oltp_read_write,4,25000000,1,30,331.41,6626.78,45.79,45.79
InnoDB,oltp_read_write,4,25000000,1,40,339.03,6782.86,45.79,45.79
InnoDB,oltp_read_write,4,25000000,1,50,341.57,6829.73,42.61,42.61
InnoDB,oltp_read_write,4,25000000,1,60,353.64,7073.03,44.98,44.98
InnoDB,oltp_read_write,4,25000000,1,70,347.10,6942.12,44.17,44.17
InnoDB,oltp_read_write,4,25000000,1,80,344.30,6885.02,44.98,44.98
InnoDB,oltp_read_write,4,25000000,1,90,346.96,6939.26,46.63,46.63
InnoDB,oltp_read_write,4,25000000,1,100,348.70,6976.43,46.63,46.63
InnoDB,oltp_read_write,4,25000000,1,110,350.80,7012.56,44.98,44.98
InnoDB,oltp_read_write,4,25000000,1,120,358.51,7172.42,44.98,44.98
InnoDB,oltp_read_write,4,25000000,1,130,360.10,7202.29,41.85,41.85
InnoDB,oltp_read_write,4,25000000,1,140,338.63,6772.48,44.17,44.17
InnoDB,oltp_read_write,4,25000000,1,150,345.36,6906.64,44.17,44.17
InnoDB,oltp_read_write,4,25000000,1,160,349.14,6983.42,44.98,44.98
InnoDB,oltp_read_write,4,25000000,1,170,357.36,7144.72,41.10,41.10
InnoDB,oltp_read_write,4,25000000,1,180,356.71,7136.65,44.17,44.17
InnoDB,oltp_point_select,4,25000000,1,10,24343.08,24343.08,0.24,0.24
InnoDB,oltp_point_select,4,25000000,1,20,24518.29,24518.29,0.24,0.24
InnoDB,oltp_point_select,4,25000000,1,30,24186.53,24186.53,0.24,0.24
InnoDB,oltp_point_select,4,25000000,1,40,24420.90,24420.90,0.24,0.24
InnoDB,oltp_point_select,4,25000000,1,50,24486.21,24486.21,0.24,0.24
InnoDB,oltp_point_select,4,25000000,1,60,24439.09,24439.09,0.24,0.24
InnoDB,oltp_point_select,4,25000000,1,70,24509.61,24509.61,0.24,0.24
InnoDB,oltp_point_select,4,25000000,1,80,24820.16,24820.16,0.24,0.24
InnoDB,oltp_point_select,4,25000000,1,90,24348.26,24348.26,0.24,0.24
InnoDB,oltp_point_select,4,25000000,1,100,24274.44,24274.44,0.24,0.24
InnoDB,oltp_point_select,4,25000000,1,110,24463.53,24463.53,0.24,0.24
InnoDB,oltp_point_select,4,25000000,1,120,24336.26,24336.26,0.24,0.24
InnoDB,oltp_point_select,4,25000000,1,130,24353.11,24353.11,0.24,0.24
InnoDB,oltp_point_select,4,25000000,1,140,24455.70,24455.70,0.24,0.24
InnoDB,oltp_point_select,4,25000000,1,150,24558.21,24558.31,0.24,0.24
InnoDB,oltp_point_select,4,25000000,1,160,24897.27,24897.17,0.24,0.24
InnoDB,oltp_point_select,4,25000000,1,170,24777.70,24777.70,0.24,0.24
InnoDB,oltp_insert,4,25000000,1,10,5318.64,5318.64,0.21,0.21
InnoDB,oltp_insert,4,25000000,1,20,5178.31,5178.31,0.18,0.18
InnoDB,oltp_insert,4,25000000,1,30,4521.73,4521.73,0.17,0.17
InnoDB,oltp_insert,4,25000000,1,40,4483.49,4483.49,0.16,0.16
InnoDB,oltp_insert,4,25000000,1,50,4606.34,4606.34,0.16,0.16
InnoDB,oltp_insert,4,25000000,1,60,4721.96,4721.96,0.16,0.16
InnoDB,oltp_insert,4,25000000,1,70,4137.59,4137.59,0.16,0.16
InnoDB,oltp_insert,4,25000000,1,80,4511.60,4511.60,0.16,0.16
InnoDB,oltp_insert,4,25000000,1,90,4381.35,4381.35,0.16,0.16
InnoDB,oltp_insert,4,25000000,1,100,4572.52,4572.52,0.15,0.15
InnoDB,oltp_insert,4,25000000,1,110,4833.23,4833.23,0.16,0.16
InnoDB,oltp_insert,4,25000000,1,120,4427.90,4427.90,0.16,0.16
InnoDB,oltp_insert,4,25000000,1,130,4485.29,4485.29,0.15,0.15
InnoDB,oltp_insert,4,25000000,1,140,4527.94,4527.94,0.16,0.16
InnoDB,oltp_insert,4,25000000,1,150,4141.40,4141.40,0.16,0.16
InnoDB,oltp_insert,4,25000000,1,160,4283.21,4283.21,0.16,0.16
InnoDB,oltp_insert,4,25000000,1,170,4423.12,4423.12,0.16,0.16
InnoDB,oltp_insert,4,25000000,1,180,4481.69,4481.69,0.16,0.16
InnoDB,oltp_write_only,4,25000000,1,10,488.64,2932.56,34.95,34.95
InnoDB,oltp_write_only,4,25000000,1,20,520.28,3121.90,31.94,31.94
InnoDB,oltp_write_only,4,25000000,1,30,526.49,3158.65,30.26,30.26
InnoDB,oltp_write_only,4,25000000,1,40,505.08,3030.60,30.81,30.81
InnoDB,oltp_write_only,4,25000000,1,50,484.49,2907.05,33.12,33.12
InnoDB,oltp_write_only,4,25000000,1,60,521.60,3129.91,31.94,31.94
InnoDB,oltp_write_only,4,25000000,1,70,516.63,3099.19,33.12,33.12
InnoDB,oltp_write_only,4,25000000,1,80,532.77,3196.92,29.72,29.72
InnoDB,oltp_write_only,4,25000000,1,90,534.31,3205.86,26.68,26.68
InnoDB,oltp_write_only,4,25000000,1,100,486.59,2919.94,30.26,30.26
InnoDB,oltp_write_only,4,25000000,1,110,515.99,3095.46,34.95,34.95
InnoDB,oltp_write_only,4,25000000,1,120,529.61,3177.67,29.19,29.19
InnoDB,oltp_write_only,4,25000000,1,130,533.79,3202.73,27.17,27.17
InnoDB,oltp_write_only,4,25000000,1,140,556.35,3337.89,22.69,22.69
InnoDB,oltp_write_only,4,25000000,1,150,537.16,3223.06,26.68,26.68
InnoDB,oltp_write_only,4,25000000,1,160,492.60,2956.01,28.16,28.16
InnoDB,oltp_write_only,4,25000000,1,170,540.20,3240.58,26.20,26.20
InnoDB,oltp_write_only,4,25000000,1,180,571.51,3429.54,21.89,21.89
TidesDB,oltp_read_write,4,25000000,1,10,764.01,15284.39,8.58,8.58
TidesDB,oltp_read_write,4,25000000,1,20,719.41,14389.30,9.56,9.56
TidesDB,oltp_read_write,4,25000000,1,30,674.40,13486.19,11.04,11.04
TidesDB,oltp_read_write,4,25000000,1,40,641.20,12824.51,11.65,11.65
TidesDB,oltp_read_write,4,25000000,1,50,616.00,12319.19,12.08,12.08
TidesDB,oltp_read_write,4,25000000,1,60,618.50,12370.48,11.87,11.87
TidesDB,oltp_read_write,4,25000000,1,70,598.10,11963.52,12.52,12.52
TidesDB,oltp_read_write,4,25000000,1,80,600.80,12015.18,12.30,12.30
TidesDB,oltp_read_write,4,25000000,1,90,595.64,11913.08,12.52,12.52
TidesDB,oltp_read_write,4,25000000,1,100,599.50,11990.18,12.52,12.52
TidesDB,oltp_read_write,4,25000000,1,110,592.00,11838.75,12.75,12.75
TidesDB,oltp_read_write,4,25000000,1,120,592.40,11847.68,12.52,12.52
TidesDB,oltp_read_write,4,25000000,1,130,592.89,11859.00,12.75,12.75
TidesDB,oltp_read_write,4,25000000,1,140,598.10,11961.58,12.30,12.30
TidesDB,oltp_read_write,4,25000000,1,150,596.20,11924.96,12.75,12.75
TidesDB,oltp_read_write,4,25000000,1,160,586.90,11736.25,12.98,12.98
TidesDB,oltp_read_write,4,25000000,1,170,586.90,11740.13,12.98,12.98
TidesDB,oltp_read_write,4,25000000,1,180,587.00,11738.59,12.75,12.75
TidesDB,oltp_point_select,4,25000000,1,10,27251.19,27251.19,0.19,0.19
TidesDB,oltp_point_select,4,25000000,1,20,27177.32,27177.32,0.19,0.19
TidesDB,oltp_point_select,4,25000000,1,30,26830.75,26830.75,0.19,0.19
TidesDB,oltp_point_select,4,25000000,1,40,26711.39,26711.39,0.19,0.19
TidesDB,oltp_point_select,4,25000000,1,50,26648.58,26648.58,0.19,0.19
TidesDB,oltp_point_select,4,25000000,1,60,26382.93,26382.93,0.19,0.19
TidesDB,oltp_point_select,4,25000000,1,70,26615.68,26615.68,0.19,0.19
TidesDB,oltp_point_select,4,25000000,1,80,26440.99,26440.99,0.19,0.19
TidesDB,oltp_point_select,4,25000000,1,90,26539.39,26539.39,0.19,0.19
TidesDB,oltp_point_select,4,25000000,1,100,26458.32,26458.32,0.20,0.20
TidesDB,oltp_point_select,4,25000000,1,110,26075.34,26075.34,0.20,0.20
TidesDB,oltp_point_select,4,25000000,1,120,26114.07,26114.07,0.20,0.20
TidesDB,oltp_point_select,4,25000000,1,130,26076.27,26076.27,0.20,0.20
TidesDB,oltp_point_select,4,25000000,1,140,26378.22,26378.22,0.20,0.20
TidesDB,oltp_point_select,4,25000000,1,150,26261.98,26261.98,0.20,0.20
TidesDB,oltp_point_select,4,25000000,1,160,26394.18,26394.18,0.20,0.20
TidesDB,oltp_point_select,4,25000000,1,170,26477.78,26477.78,0.20,0.20
TidesDB,oltp_insert,4,25000000,1,10,42789.42,42789.52,0.10,0.10
TidesDB,oltp_insert,4,25000000,1,20,42555.72,42555.62,0.10,0.10
TidesDB,oltp_insert,4,25000000,1,30,43612.69,43612.69,0.10,0.10
TidesDB,oltp_insert,4,25000000,1,40,43580.66,43580.66,0.10,0.10
TidesDB,oltp_insert,4,25000000,1,50,41931.86,41931.86,0.11,0.11
TidesDB,oltp_insert,4,25000000,1,60,40314.37,40314.37,0.13,0.13
TidesDB,oltp_insert,4,25000000,1,70,43391.20,43391.20,0.10,0.10
TidesDB,oltp_insert,4,25000000,1,80,43132.29,43132.29,0.10,0.10
TidesDB,oltp_insert,4,25000000,1,90,42952.15,42952.15,0.10,0.10
TidesDB,oltp_insert,4,25000000,1,100,42300.20,42300.20,0.10,0.10
TidesDB,oltp_insert,4,25000000,1,110,38070.28,38070.28,0.14,0.14
TidesDB,oltp_insert,4,25000000,1,120,42738.74,42738.74,0.10,0.10
TidesDB,oltp_insert,4,25000000,1,130,42569.46,42569.46,0.10,0.10
TidesDB,oltp_insert,4,25000000,1,140,43023.05,43023.05,0.10,0.10
TidesDB,oltp_insert,4,25000000,1,150,43366.29,43366.29,0.10,0.10
TidesDB,oltp_insert,4,25000000,1,160,43165.87,43165.87,0.10,0.10
TidesDB,oltp_insert,4,25000000,1,170,42878.91,42878.91,0.10,0.10
TidesDB,oltp_write_only,4,25000000,1,10,5204.84,31229.83,0.99,0.99
TidesDB,oltp_write_only,4,25000000,1,20,4964.29,29786.23,1.03,1.03
TidesDB,oltp_write_only,4,25000000,1,30,4793.79,28762.77,1.08,1.08
TidesDB,oltp_write_only,4,25000000,1,40,4724.41,28346.25,1.08,1.08
TidesDB,oltp_write_only,4,25000000,1,50,4641.31,27847.69,1.10,1.10
TidesDB,oltp_write_only,4,25000000,1,60,4637.28,27823.59,1.08,1.08
TidesDB,oltp_write_only,4,25000000,1,70,4603.32,27620.09,1.10,1.10
TidesDB,oltp_write_only,4,25000000,1,80,4611.23,27667.27,1.10,1.10
TidesDB,oltp_write_only,4,25000000,1,90,4618.90,27713.10,1.10,1.10
TidesDB,oltp_write_only,4,25000000,1,100,4606.41,27638.83,1.08,1.08
TidesDB,oltp_write_only,4,25000000,1,110,4614.87,27689.42,1.10,1.10
TidesDB,oltp_write_only,4,25000000,1,120,4594.28,27565.39,1.10,1.10
TidesDB,oltp_write_only,4,25000000,1,130,4618.42,27710.60,1.10,1.10
TidesDB,oltp_write_only,4,25000000,1,140,4621.77,27730.55,1.10,1.10
TidesDB,oltp_write_only,4,25000000,1,150,4595.42,27572.80,1.10,1.10
TidesDB,oltp_write_only,4,25000000,1,160,4593.10,27558.59,1.10,1.10
TidesDB,oltp_write_only,4,25000000,1,170,4607.75,27646.47,1.10,1.10
InnoDB,oltp_read_write,8,25000000,1,10,457.55,9159.13,51.94,51.94
InnoDB,oltp_read_write,8,25000000,1,20,445.76,8918.35,53.85,53.85
InnoDB,oltp_read_write,8,25000000,1,30,378.13,7558.78,52.89,52.89
InnoDB,oltp_read_write,8,25000000,1,40,385.66,7718.00,52.89,52.89
InnoDB,oltp_read_write,8,25000000,1,50,474.24,9481.76,50.11,50.11
InnoDB,oltp_read_write,8,25000000,1,60,468.61,9374.61,53.85,53.85
InnoDB,oltp_read_write,8,25000000,1,70,389.67,7792.01,56.84,56.84
InnoDB,oltp_read_write,8,25000000,1,80,491.60,9827.81,51.02,51.02
InnoDB,oltp_read_write,8,25000000,1,90,469.20,9386.59,54.83,54.83
InnoDB,oltp_read_write,8,25000000,1,100,467.42,9350.00,51.02,51.02
InnoDB,oltp_read_write,8,25000000,1,110,467.27,9344.53,51.94,51.94
InnoDB,oltp_read_write,8,25000000,1,120,465.10,9305.05,52.89,52.89
InnoDB,oltp_read_write,8,25000000,1,130,476.25,9521.28,52.89,52.89
InnoDB,oltp_read_write,8,25000000,1,140,476.90,9538.59,53.85,53.85
InnoDB,oltp_read_write,8,25000000,1,150,473.38,9466.50,54.83,54.83
InnoDB,oltp_read_write,8,25000000,1,160,471.09,9423.52,56.84,56.84
InnoDB,oltp_read_write,8,25000000,1,170,502.18,10043.49,53.85,53.85
InnoDB,oltp_read_write,8,25000000,1,180,461.70,9233.66,56.84,56.84
InnoDB,oltp_point_select,8,25000000,1,10,42664.24,42664.24,0.30,0.30
InnoDB,oltp_point_select,8,25000000,1,20,42470.58,42470.58,0.30,0.30
InnoDB,oltp_point_select,8,25000000,1,30,42473.77,42473.77,0.30,0.30
InnoDB,oltp_point_select,8,25000000,1,40,42660.22,42660.22,0.30,0.30
InnoDB,oltp_point_select,8,25000000,1,50,42613.78,42613.78,0.30,0.30
InnoDB,oltp_point_select,8,25000000,1,60,42933.05,42933.05,0.30,0.30
InnoDB,oltp_point_select,8,25000000,1,70,42579.69,42579.69,0.30,0.30
InnoDB,oltp_point_select,8,25000000,1,80,42503.71,42503.71,0.30,0.30
InnoDB,oltp_point_select,8,25000000,1,90,42491.70,42491.70,0.30,0.30
InnoDB,oltp_point_select,8,25000000,1,100,42541.99,42541.99,0.30,0.30
InnoDB,oltp_point_select,8,25000000,1,110,42686.20,42686.20,0.30,0.30
InnoDB,oltp_point_select,8,25000000,1,120,42869.52,42869.52,0.30,0.30
InnoDB,oltp_point_select,8,25000000,1,130,42797.61,42797.61,0.30,0.30
InnoDB,oltp_point_select,8,25000000,1,140,42660.23,42660.23,0.30,0.30
InnoDB,oltp_point_select,8,25000000,1,150,42672.34,42672.34,0.30,0.30
InnoDB,oltp_point_select,8,25000000,1,160,42519.92,42519.92,0.30,0.30
InnoDB,oltp_point_select,8,25000000,1,170,42692.73,42692.73,0.30,0.30
InnoDB,oltp_insert,8,25000000,1,10,5113.82,5113.82,0.30,0.30
InnoDB,oltp_insert,8,25000000,1,20,4981.64,4981.64,0.24,0.24
InnoDB,oltp_insert,8,25000000,1,30,5207.39,5207.39,0.21,0.21
InnoDB,oltp_insert,8,25000000,1,40,4633.80,4633.80,0.21,0.21
InnoDB,oltp_insert,8,25000000,1,50,4360.89,4360.89,0.20,0.20
InnoDB,oltp_insert,8,25000000,1,60,4588.91,4588.91,0.19,0.19
InnoDB,oltp_insert,8,25000000,1,70,4303.60,4303.60,0.20,0.20
InnoDB,oltp_insert,8,25000000,1,80,4301.49,4301.49,0.21,0.21
InnoDB,oltp_insert,8,25000000,1,90,3571.93,3571.93,0.19,0.19
InnoDB,oltp_insert,8,25000000,1,100,4115.18,4115.18,0.20,0.20
InnoDB,oltp_insert,8,25000000,1,110,4435.70,4435.70,0.21,0.21
InnoDB,oltp_insert,8,25000000,1,120,4156.36,4156.36,0.20,0.20
InnoDB,oltp_insert,8,25000000,1,130,4414.40,4414.40,0.20,0.20
InnoDB,oltp_insert,8,25000000,1,140,4331.26,4331.26,0.19,0.19
InnoDB,oltp_insert,8,25000000,1,150,3955.32,3955.32,0.20,0.20
InnoDB,oltp_insert,8,25000000,1,160,4341.43,4341.43,0.20,0.20
InnoDB,oltp_insert,8,25000000,1,170,4404.14,4404.14,0.20,0.20
InnoDB,oltp_insert,8,25000000,1,180,4320.91,4320.91,0.20,0.20
InnoDB,oltp_write_only,8,25000000,1,10,542.84,3258.83,63.32,63.32
InnoDB,oltp_write_only,8,25000000,1,20,453.36,2720.09,86.00,86.00
InnoDB,oltp_write_only,8,25000000,1,30,538.84,3233.14,78.60,78.60
InnoDB,oltp_write_only,8,25000000,1,40,425.30,2551.61,81.48,81.48
InnoDB,oltp_write_only,8,25000000,1,50,561.94,3371.96,55.82,55.82
InnoDB,oltp_write_only,8,25000000,1,60,546.61,3279.37,57.87,57.87
InnoDB,oltp_write_only,8,25000000,1,70,479.99,2880.73,78.60,78.60
InnoDB,oltp_write_only,8,25000000,1,80,448.81,2692.26,81.48,81.48
InnoDB,oltp_write_only,8,25000000,1,90,552.35,3314.27,70.55,70.55
InnoDB,oltp_write_only,8,25000000,1,100,440.67,2644.00,94.10,94.10
InnoDB,oltp_write_only,8,25000000,1,110,544.74,3267.93,71.83,71.83
InnoDB,oltp_write_only,8,25000000,1,120,511.86,3071.23,75.82,75.82
InnoDB,oltp_write_only,8,25000000,1,130,469.04,2814.66,86.00,86.00
InnoDB,oltp_write_only,8,25000000,1,140,548.25,3288.81,68.05,68.05
InnoDB,oltp_write_only,8,25000000,1,150,548.00,3288.21,59.99,59.99
InnoDB,oltp_write_only,8,25000000,1,160,494.70,2968.99,86.00,86.00
InnoDB,oltp_write_only,8,25000000,1,170,495.20,2970.99,86.00,86.00
InnoDB,oltp_write_only,8,25000000,1,180,475.24,2850.97,74.46,74.46
TidesDB,oltp_read_write,8,25000000,1,10,0.00,9.80,0.00,0.00
TidesDB,oltp_read_write,8,25000000,1,20,0.70,14.30,16224.31,16224.31
TidesDB,oltp_read_write,8,25000000,1,30,0.00,0.00,0.00,0.00
TidesDB,oltp_read_write,8,25000000,1,40,0.70,13.60,34563.04,34563.04
TidesDB,oltp_read_write,8,25000000,1,50,0.40,8.00,31587.21,31587.21
TidesDB,oltp_read_write,8,25000000,1,60,0.00,0.50,0.00,0.00
TidesDB,oltp_read_write,8,25000000,1,70,1.10,21.80,32745.49,32745.49
TidesDB,oltp_read_write,8,25000000,1,80,0.30,6.20,31023.52,31023.52
TidesDB,oltp_read_write,8,25000000,1,90,0.40,7.50,46941.21,46941.21
TidesDB,oltp_read_write,8,25000000,1,100,0.80,15.80,34563.04,34563.04
TidesDB,oltp_read_write,8,25000000,1,110,0.00,0.30,0.00,0.00
TidesDB,oltp_read_write,8,25000000,1,120,1.20,23.70,33340.46,33340.46
TidesDB,oltp_read_write,8,25000000,1,130,0.30,6.10,36481.47,36481.47
TidesDB,oltp_read_write,8,25000000,1,140,0.30,6.60,17752.80,17752.80
TidesDB,oltp_read_write,8,25000000,1,150,0.90,17.50,33340.46,33340.46
TidesDB,oltp_read_write,8,25000000,1,160,0.20,4.00,34563.04,34563.04
TidesDB,oltp_read_write,8,25000000,1,170,0.60,12.10,32745.49,32745.49
TidesDB,oltp_read_write,8,25000000,1,180,0.60,12.10,31587.21,31587.21
TidesDB,oltp_read_write,8,25000000,1,190,0.30,2.50,33340.46,33340.46
TidesDB,oltp_read_write,8,25000000,1,200,0.30,2.30,32745.49,32745.49
TidesDB,oltp_read_write,8,25000000,1,210,0.10,0.70,31023.52,31023.52
TidesDB,oltp_point_select,8,25000000,1,10,49123.04,49123.04,0.22,0.22
TidesDB,oltp_point_select,8,25000000,1,20,49591.68,49591.68,0.21,0.21
TidesDB,oltp_point_select,8,25000000,1,30,49155.83,49155.83,0.21,0.21
TidesDB,oltp_point_select,8,25000000,1,40,49504.53,49504.53,0.21,0.21
TidesDB,oltp_point_select,8,25000000,1,50,49764.05,49764.05,0.21,0.21
TidesDB,oltp_point_select,8,25000000,1,60,49861.27,49861.27,0.21,0.21
TidesDB,oltp_point_select,8,25000000,1,70,49455.01,49455.01,0.21,0.21
TidesDB,oltp_point_select,8,25000000,1,80,49187.80,49187.80,0.21,0.21
TidesDB,oltp_point_select,8,25000000,1,90,49504.64,49504.64,0.21,0.21
TidesDB,oltp_point_select,8,25000000,1,100,49430.34,49430.34,0.21,0.21
TidesDB,oltp_point_select,8,25000000,1,110,49589.73,49589.73,0.21,0.21
TidesDB,oltp_point_select,8,25000000,1,120,49698.05,49698.05,0.21,0.21
TidesDB,oltp_point_select,8,25000000,1,130,49432.95,49432.95,0.21,0.21
TidesDB,oltp_point_select,8,25000000,1,140,49403.81,49403.81,0.21,0.21
TidesDB,oltp_point_select,8,25000000,1,150,49729.26,49729.26,0.21,0.21
TidesDB,oltp_point_select,8,25000000,1,160,49883.98,49883.98,0.21,0.21
TidesDB,oltp_point_select,8,25000000,1,170,49583.32,49583.32,0.21,0.21
TidesDB,oltp_point_select,8,25000000,1,180,49218.90,49218.90,0.21,0.21
TidesDB,oltp_insert,8,25000000,1,10,79501.62,79501.62,0.12,0.12
TidesDB,oltp_insert,8,25000000,1,20,78773.20,78773.20,0.12,0.12
TidesDB,oltp_insert,8,25000000,1,30,69835.68,69835.68,0.19,0.19
TidesDB,oltp_insert,8,25000000,1,40,71883.43,71883.43,0.17,0.17
TidesDB,oltp_insert,8,25000000,1,50,80410.18,80410.18,0.12,0.12
TidesDB,oltp_insert,8,25000000,1,60,79994.44,79994.44,0.11,0.11
TidesDB,oltp_insert,8,25000000,1,70,80416.76,80416.76,0.11,0.11
TidesDB,oltp_insert,8,25000000,1,80,79711.66,79711.66,0.12,0.12
TidesDB,oltp_insert,8,25000000,1,90,79256.59,79256.59,0.12,0.12
TidesDB,oltp_insert,8,25000000,1,100,77803.27,77803.37,0.12,0.12
TidesDB,oltp_insert,8,25000000,1,110,76710.31,76710.21,0.13,0.13
TidesDB,oltp_insert,8,25000000,1,120,73592.09,73592.09,0.14,0.14
TidesDB,oltp_insert,8,25000000,1,130,79981.40,79981.40,0.12,0.12
TidesDB,oltp_insert,8,25000000,1,140,79085.28,79085.28,0.12,0.12
TidesDB,oltp_insert,8,25000000,1,150,79592.99,79592.99,0.12,0.12
TidesDB,oltp_insert,8,25000000,1,160,79001.82,79001.82,0.12,0.12
TidesDB,oltp_insert,8,25000000,1,170,76361.41,76361.41,0.14,0.14
TidesDB,oltp_write_only,8,25000000,1,10,8495.77,50977.03,1.21,1.21
TidesDB,oltp_write_only,8,25000000,1,20,8548.58,51290.87,1.18,1.18
TidesDB,oltp_write_only,8,25000000,1,30,8530.18,51181.20,1.18,1.18
TidesDB,oltp_write_only,8,25000000,1,40,8549.66,51298.07,1.18,1.18
TidesDB,oltp_write_only,8,25000000,1,50,8565.66,51394.54,1.18,1.18
TidesDB,oltp_write_only,8,25000000,1,60,8582.70,51495.42,1.18,1.18
TidesDB,oltp_write_only,8,25000000,1,70,7317.39,43903.86,1.30,1.30
TidesDB,oltp_write_only,8,25000000,1,80,7053.48,42321.47,1.39,1.39
TidesDB,oltp_write_only,8,25000000,1,90,7116.18,42697.21,1.34,1.34
TidesDB,oltp_write_only,8,25000000,1,100,7244.57,43467.13,1.32,1.32
TidesDB,oltp_write_only,8,25000000,1,110,7186.05,43116.79,1.37,1.37
TidesDB,oltp_write_only,8,25000000,1,120,7285.51,43713.16,1.37,1.37
TidesDB,oltp_write_only,8,25000000,1,130,7234.31,43405.13,1.39,1.39
TidesDB,oltp_write_only,8,25000000,1,140,7458.89,44753.62,1.34,1.34
TidesDB,oltp_write_only,8,25000000,1,150,7728.98,46373.60,1.32,1.32
TidesDB,oltp_write_only,8,25000000,1,160,7714.35,46286.59,1.32,1.32
TidesDB,oltp_write_only,8,25000000,1,170,7839.14,47034.47,1.30,1.30
InnoDB,oltp_read_write,16,25000000,1,10,561.34,11244.83,63.32,63.32
InnoDB,oltp_read_write,16,25000000,1,20,574.60,11493.93,63.32,63.32
InnoDB,oltp_read_write,16,25000000,1,30,563.89,11282.27,64.47,64.47
InnoDB,oltp_read_write,16,25000000,1,40,571.81,11436.02,68.05,68.05
InnoDB,oltp_read_write,16,25000000,1,50,512.40,10240.85,71.83,71.83
InnoDB,oltp_read_write,16,25000000,1,60,543.60,10867.95,65.65,65.65
InnoDB,oltp_read_write,16,25000000,1,70,537.70,10755.10,70.55,70.55
InnoDB,oltp_read_write,16,25000000,1,80,491.90,9843.70,69.29,69.29
InnoDB,oltp_read_write,16,25000000,1,90,552.60,11050.79,68.05,68.05
InnoDB,oltp_read_write,16,25000000,1,100,554.20,11081.71,68.05,68.05
InnoDB,oltp_read_write,16,25000000,1,110,548.20,10967.29,70.55,70.55
InnoDB,oltp_read_write,16,25000000,1,120,539.90,10789.80,66.84,66.84
InnoDB,oltp_read_write,16,25000000,1,130,587.10,11744.21,70.55,70.55
InnoDB,oltp_read_write,16,25000000,1,140,544.30,10895.90,69.29,69.29
InnoDB,oltp_read_write,16,25000000,1,150,546.60,10927.29,73.13,73.13
InnoDB,oltp_read_write,16,25000000,1,160,563.50,11269.28,69.29,69.29
InnoDB,oltp_read_write,16,25000000,1,170,564.70,11290.33,70.55,70.55
InnoDB,oltp_read_write,16,25000000,1,180,569.50,11391.40,68.05,68.05
InnoDB,oltp_point_select,16,25000000,1,10,65898.16,65898.16,0.42,0.42
InnoDB,oltp_point_select,16,25000000,1,20,65940.94,65940.94,0.42,0.42
InnoDB,oltp_point_select,16,25000000,1,30,65973.29,65973.29,0.42,0.42
InnoDB,oltp_point_select,16,25000000,1,40,65671.42,65671.42,0.42,0.42
InnoDB,oltp_point_select,16,25000000,1,50,65731.16,65731.16,0.42,0.42
InnoDB,oltp_point_select,16,25000000,1,60,65826.04,65826.14,0.42,0.42
InnoDB,oltp_point_select,16,25000000,1,70,65854.86,65854.76,0.42,0.42
InnoDB,oltp_point_select,16,25000000,1,80,65852.13,65852.13,0.42,0.42
InnoDB,oltp_point_select,16,25000000,1,90,65901.20,65901.20,0.42,0.42
InnoDB,oltp_point_select,16,25000000,1,100,65773.97,65773.97,0.42,0.42
InnoDB,oltp_point_select,16,25000000,1,110,65650.60,65650.60,0.42,0.42
InnoDB,oltp_point_select,16,25000000,1,120,65755.60,65755.60,0.42,0.42
InnoDB,oltp_point_select,16,25000000,1,130,65975.31,65975.31,0.42,0.42
InnoDB,oltp_point_select,16,25000000,1,140,65549.68,65549.68,0.42,0.42
InnoDB,oltp_point_select,16,25000000,1,150,65890.94,65891.04,0.42,0.42
InnoDB,oltp_point_select,16,25000000,1,160,65444.10,65444.00,0.42,0.42
InnoDB,oltp_point_select,16,25000000,1,170,65623.42,65623.42,0.42,0.42
InnoDB,oltp_point_select,16,25000000,1,180,65809.29,65809.29,0.42,0.42
InnoDB,oltp_insert,16,25000000,1,10,4089.14,4089.14,21.89,21.89
InnoDB,oltp_insert,16,25000000,1,20,5030.68,5030.68,8.90,8.90
InnoDB,oltp_insert,16,25000000,1,30,4486.22,4486.22,4.25,4.25
InnoDB,oltp_insert,16,25000000,1,40,4254.69,4254.69,8.13,8.13
InnoDB,oltp_insert,16,25000000,1,50,4283.89,4283.89,0.51,0.51
InnoDB,oltp_insert,16,25000000,1,60,4354.10,4354.10,0.73,0.73
InnoDB,oltp_insert,16,25000000,1,70,3823.48,3823.48,14.46,14.46
InnoDB,oltp_insert,16,25000000,1,80,3536.74,3536.74,2.81,2.81
InnoDB,oltp_insert,16,25000000,1,90,4492.61,4492.61,0.47,0.47
InnoDB,oltp_insert,16,25000000,1,100,3813.12,3813.12,0.62,0.62
InnoDB,oltp_insert,16,25000000,1,110,3761.94,3761.94,0.52,0.52
InnoDB,oltp_insert,16,25000000,1,120,3466.60,3466.60,0.74,0.74
InnoDB,oltp_insert,16,25000000,1,130,3852.04,3852.04,0.75,0.75
InnoDB,oltp_insert,16,25000000,1,140,3232.14,3232.24,31.37,31.37
InnoDB,oltp_insert,16,25000000,1,150,4241.88,4241.78,0.53,0.53
InnoDB,oltp_insert,16,25000000,1,160,4458.24,4458.24,0.46,0.46
InnoDB,oltp_insert,16,25000000,1,170,3493.93,3493.93,23.10,23.10
InnoDB,oltp_insert,16,25000000,1,180,3741.42,3741.42,14.21,14.21
InnoDB,oltp_write_only,16,25000000,1,10,439.85,2641.19,127.81,127.81
InnoDB,oltp_write_only,16,25000000,1,20,425.37,2552.21,142.39,142.39
InnoDB,oltp_write_only,16,25000000,1,30,514.53,3089.26,118.92,118.92
InnoDB,oltp_write_only,16,25000000,1,40,406.67,2439.44,130.13,130.13
InnoDB,oltp_write_only,16,25000000,1,50,438.60,2630.01,139.85,139.85
InnoDB,oltp_write_only,16,25000000,1,60,426.90,2562.01,144.97,144.97
InnoDB,oltp_write_only,16,25000000,1,70,378.60,2272.42,155.80,155.80
InnoDB,oltp_write_only,16,25000000,1,80,412.59,2474.76,142.39,142.39
InnoDB,oltp_write_only,16,25000000,1,90,355.91,2136.33,183.21,183.21
InnoDB,oltp_write_only,16,25000000,1,100,448.69,2691.45,167.44,167.44
InnoDB,oltp_write_only,16,25000000,1,110,412.41,2475.75,170.48,170.48
InnoDB,oltp_write_only,16,25000000,1,120,423.33,2538.48,167.44,167.44
InnoDB,oltp_write_only,16,25000000,1,130,470.05,2821.31,144.97,144.97
InnoDB,oltp_write_only,16,25000000,1,140,450.60,2702.52,147.61,147.61
InnoDB,oltp_write_only,16,25000000,1,150,458.44,2750.86,189.93,189.93
InnoDB,oltp_write_only,16,25000000,1,160,339.77,2039.09,196.89,196.89
InnoDB,oltp_write_only,16,25000000,1,170,533.25,3199.32,123.28,123.28
InnoDB,oltp_write_only,16,25000000,1,180,317.77,1907.20,207.82,207.82
TidesDB,oltp_read_write,16,25000000,1,10,1741.67,34852.70,16.41,16.41
TidesDB,oltp_read_write,16,25000000,1,20,1741.12,34821.52,16.41,16.41
TidesDB,oltp_read_write,16,25000000,1,30,1756.50,35131.33,16.12,16.12
TidesDB,oltp_read_write,16,25000000,1,40,1741.70,34830.27,16.41,16.41
TidesDB,oltp_read_write,16,25000000,1,50,1751.10,35022.88,16.12,16.12
TidesDB,oltp_read_write,16,25000000,1,60,1752.31,35043.04,16.12,16.12
TidesDB,oltp_read_write,16,25000000,1,70,1734.19,34690.80,16.71,16.71
TidesDB,oltp_read_write,16,25000000,1,80,1760.80,35213.33,16.41,16.41
TidesDB,oltp_read_write,16,25000000,1,90,1768.50,35372.14,16.41,16.41
TidesDB,oltp_read_write,16,25000000,1,100,1805.40,36104.29,16.12,16.12
TidesDB,oltp_read_write,16,25000000,1,110,1816.60,36336.28,15.83,15.83
TidesDB,oltp_read_write,16,25000000,1,120,1818.29,36363.00,15.83,15.83
TidesDB,oltp_read_write,16,25000000,1,130,1822.81,36454.47,15.83,15.83
TidesDB,oltp_read_write,16,25000000,1,140,1805.59,36113.79,16.12,16.12
TidesDB,oltp_read_write,16,25000000,1,150,1811.90,36237.29,15.83,15.83
TidesDB,oltp_read_write,16,25000000,1,160,1803.49,36072.49,16.41,16.41
TidesDB,oltp_read_write,16,25000000,1,170,1823.80,36476.41,15.83,15.83
TidesDB,oltp_read_write,16,25000000,1,180,1833.89,36675.68,15.55,15.55
TidesDB,oltp_point_select,16,25000000,1,10,79266.25,79266.35,0.30,0.30
TidesDB,oltp_point_select,16,25000000,1,20,80306.67,80306.57,0.29,0.29
TidesDB,oltp_point_select,16,25000000,1,30,80400.77,80400.77,0.29,0.29
TidesDB,oltp_point_select,16,25000000,1,40,80524.80,80524.80,0.29,0.29
TidesDB,oltp_point_select,16,25000000,1,50,80622.31,80622.31,0.29,0.29
TidesDB,oltp_point_select,16,25000000,1,60,80748.60,80748.60,0.29,0.29
TidesDB,oltp_point_select,16,25000000,1,70,80907.06,80907.06,0.29,0.29
TidesDB,oltp_point_select,16,25000000,1,80,80891.94,80891.94,0.29,0.29
TidesDB,oltp_point_select,16,25000000,1,90,80790.71,80790.81,0.29,0.29
TidesDB,oltp_point_select,16,25000000,1,100,81053.30,81053.20,0.29,0.29
TidesDB,oltp_point_select,16,25000000,1,110,81007.81,81007.81,0.29,0.29
TidesDB,oltp_point_select,16,25000000,1,120,81008.56,81008.56,0.29,0.29
TidesDB,oltp_point_select,16,25000000,1,130,80854.88,80854.88,0.29,0.29
TidesDB,oltp_point_select,16,25000000,1,140,81216.16,81216.16,0.29,0.29
TidesDB,oltp_point_select,16,25000000,1,150,80791.06,80791.06,0.29,0.29
TidesDB,oltp_point_select,16,25000000,1,160,81245.43,81245.43,0.29,0.29
TidesDB,oltp_point_select,16,25000000,1,170,81120.68,81120.68,0.29,0.29
TidesDB,oltp_point_select,16,25000000,1,180,81274.23,81274.23,0.29,0.29
TidesDB,oltp_insert,16,25000000,1,10,89344.63,89344.63,0.33,0.33
TidesDB,oltp_insert,16,25000000,1,20,81548.98,81549.08,0.39,0.39
TidesDB,oltp_insert,16,25000000,1,30,86612.57,86612.47,0.37,0.37
TidesDB,oltp_insert,16,25000000,1,40,98395.28,98395.28,0.29,0.29
TidesDB,oltp_insert,16,25000000,1,50,98315.51,98315.51,0.29,0.29
TidesDB,oltp_insert,16,25000000,1,60,97610.59,97610.69,0.29,0.29
TidesDB,oltp_insert,16,25000000,1,70,90418.65,90418.65,0.34,0.34
TidesDB,oltp_insert,16,25000000,1,80,97785.72,97785.62,0.29,0.29
TidesDB,oltp_insert,16,25000000,1,90,92511.63,92511.73,0.32,0.32
TidesDB,oltp_insert,16,25000000,1,100,85576.30,85576.20,0.37,0.37
TidesDB,oltp_insert,16,25000000,1,110,97413.34,97413.34,0.29,0.29
TidesDB,oltp_insert,16,25000000,1,120,94437.51,94437.51,0.31,0.31
TidesDB,oltp_insert,16,25000000,1,130,89494.38,89494.38,0.33,0.33
TidesDB,oltp_insert,16,25000000,1,140,88955.30,88955.30,0.34,0.34
TidesDB,oltp_insert,16,25000000,1,150,84395.33,84395.33,0.38,0.38
TidesDB,oltp_insert,16,25000000,1,160,89053.81,89053.81,0.34,0.34
TidesDB,oltp_insert,16,25000000,1,170,97904.43,97904.43,0.29,0.29
TidesDB,oltp_insert,16,25000000,1,180,98072.36,98072.36,0.29,0.29
TidesDB,oltp_write_only,16,25000000,1,10,13754.84,82532.27,1.50,1.50
TidesDB,oltp_write_only,16,25000000,1,20,12967.93,77808.65,1.58,1.58
TidesDB,oltp_write_only,16,25000000,1,30,10815.19,64890.03,1.86,1.86
TidesDB,oltp_write_only,16,25000000,1,40,11161.71,66971.14,1.79,1.79
TidesDB,oltp_write_only,16,25000000,1,50,11317.49,67904.66,1.79,1.79
TidesDB,oltp_write_only,16,25000000,1,60,11075.47,66452.85,1.82,1.82
TidesDB,oltp_write_only,16,25000000,1,70,10900.74,65404.46,2.00,2.00
TidesDB,oltp_write_only,16,25000000,1,80,11594.70,69568.13,1.82,1.82
TidesDB,oltp_write_only,16,25000000,1,90,11419.51,68516.03,1.89,1.89
TidesDB,oltp_write_only,16,25000000,1,100,10724.54,64347.57,1.96,1.96
TidesDB,oltp_write_only,16,25000000,1,110,10708.26,64249.57,1.96,1.96
TidesDB,oltp_write_only,16,25000000,1,120,12059.86,72359.35,1.70,1.70
TidesDB,oltp_write_only,16,25000000,1,130,10699.30,64195.19,1.89,1.89
TidesDB,oltp_write_only,16,25000000,1,140,10794.67,64769.11,1.96,1.96
TidesDB,oltp_write_only,16,25000000,1,150,10723.98,64344.18,1.96,1.96
TidesDB,oltp_write_only,16,25000000,1,160,10680.25,64081.13,1.96,1.96
TidesDB,oltp_write_only,16,25000000,1,170,10783.62,64701.62,1.96,1.96
TidesDB,oltp_write_only,16,25000000,1,180,9730.56,58383.38,2.57,2.57
