engine,operation,ops_per_sec,duration_sec,avg_latency_us,stddev_us,cv_percent,p50_us,p95_us,p99_us,min_us,max_us,peak_rss_mb,peak_vms_mb,disk_read_mb,disk_write_mb,cpu_user_sec,cpu_sys_sec,cpu_percent,db_size_mb,write_amp,read_amp,space_amp
tidesdb,PUT,6487709.68,0.771,1170.79,394.57,33.70,1078.00,1706.00,2475.00,507.00,6239.00,1170.75,1849.49,0.01,605.50,6.682,1.010,523.3,55.32,1.09,0.00,0.10
tidesdb,ITER,7158718.82,0.698,0,0,0,0,0,0,0,0,1170.75,1849.49,0.01,605.50,6.682,1.010,523.3,55.32,1.09,0.00,0.10
tidesdb,PUT,6471143.23,0.773,1189.20,374.69,31.51,1105.00,1739.00,2383.00,514.00,5499.00,1155.97,1838.95,0.00,605.07,6.816,1.044,530.8,55.31,1.09,0.00,0.10
tidesdb,ITER,7066318.82,0.708,0,0,0,0,0,0,0,0,1155.97,1838.95,0.00,605.07,6.816,1.044,530.8,55.31,1.09,0.00,0.10
tidesdb,PUT,6162044.52,0.811,1254.48,448.67,35.77,1189.00,1916.00,2771.00,607.00,7182.00,1155.07,1836.52,0.01,605.86,7.059,1.100,534.5,55.30,1.10,0.00,0.10
tidesdb,ITER,7001251.82,0.714,0,0,0,0,0,0,0,0,1155.07,1836.52,0.01,605.86,7.059,1.100,534.5,55.30,1.10,0.00,0.10
rocksdb,PUT,2498403.52,2.001,3199.82,742.00,23.19,3074.00,4080.00,5964.00,2089.00,13679.00,185.20,1293.67,0.29,741.81,7.124,0.907,270.0,117.65,1.34,0.00,0.21
rocksdb,ITER,5170684.29,0.967,0,0,0,0,0,0,0,0,185.20,1293.67,0.29,741.81,7.124,0.907,270.0,117.65,1.34,0.00,0.21
rocksdb,PUT,2465213.37,2.028,3242.69,1491.63,46.00,3079.00,4141.00,6260.00,2129.00,37549.00,209.53,1293.67,0.23,739.51,7.143,0.873,266.8,123.48,1.34,0.00,0.22
rocksdb,ITER,5151967.59,0.971,0,0,0,0,0,0,0,0,209.53,1293.67,0.23,739.51,7.143,0.873,266.8,123.48,1.34,0.00,0.22
rocksdb,PUT,2249450.57,2.223,3553.58,7026.48,197.73,3142.00,4245.00,6849.00,2073.00,178320.00,235.13,1293.67,0.29,757.01,7.920,0.857,274.5,122.99,1.37,0.00,0.22
rocksdb,ITER,5139020.79,0.973,0,0,0,0,0,0,0,0,235.13,1293.67,0.29,757.01,7.920,0.857,274.5,122.99,1.37,0.00,0.22
tidesdb,PUT,2492741.14,2.006,3020.37,1037.92,34.36,2909.00,4860.00,5730.00,805.00,7744.00,1164.92,1814.12,0.03,606.29,18.202,1.195,555.7,43.79,1.10,0.00,0.08
tidesdb,ITER,3369220.02,1.484,0,0,0,0,0,0,0,0,1164.92,1814.12,0.03,606.29,18.202,1.195,555.7,43.79,1.10,0.00,0.08
tidesdb,PUT,2373044.49,2.107,3122.21,1109.49,35.54,2954.00,5214.00,5948.00,833.00,7300.00,1163.61,1807.83,0.03,604.84,18.785,1.098,548.9,43.77,1.09,0.00,0.08
tidesdb,ITER,3301214.71,1.515,0,0,0,0,0,0,0,0,1163.61,1807.83,0.03,604.84,18.785,1.098,548.9,43.77,1.09,0.00,0.08
tidesdb,PUT,2468003.57,2.026,3104.58,1073.04,34.56,3005.00,5029.00,5937.00,745.00,8395.00,1156.12,1818.29,0.03,607.16,18.588,1.266,563.7,43.76,1.10,0.00,0.08
tidesdb,ITER,3343068.35,1.496,0,0,0,0,0,0,0,0,1156.12,1818.29,0.03,607.16,18.588,1.266,563.7,43.76,1.10,0.00,0.08
rocksdb,PUT,1764226.64,2.834,4531.39,1272.35,28.08,4351.00,6442.00,8730.00,2319.00,17821.00,232.63,1293.80,0.32,690.75,10.541,0.933,264.4,78.55,1.25,0.00,0.14
rocksdb,ITER,3336779.11,1.498,0,0,0,0,0,0,0,0,232.63,1293.80,0.32,690.75,10.541,0.933,264.4,78.55,1.25,0.00,0.14
rocksdb,PUT,1420481.99,3.520,5628.38,2829.22,50.27,4861.00,10911.00,16261.00,2300.00,39897.00,211.45,1293.80,0.25,692.00,11.957,1.085,257.6,73.56,1.25,0.00,0.13
rocksdb,ITER,3252889.38,1.537,0,0,0,0,0,0,0,0,211.45,1293.80,0.25,692.00,11.957,1.085,257.6,73.56,1.25,0.00,0.13
rocksdb,PUT,1578145.34,3.168,5064.59,1411.76,27.88,4851.00,7630.00,9705.00,2325.00,14272.00,219.32,1293.80,0.29,691.13,11.736,0.974,266.6,75.94,1.25,0.00,0.14
rocksdb,ITER,3141567.84,1.592,0,0,0,0,0,0,0,0,219.32,1293.80,0.29,691.13,11.736,0.974,266.6,75.94,1.25,0.00,0.14
tidesdb,PUT,2733105.17,1.829,2602.95,2849.27,109.46,2586.00,4109.00,4681.00,723.00,137284.00,571.18,1041.44,0.00,576.93,11.272,1.707,642.2,10.16,1.04,0.00,0.02
tidesdb,ITER,3416895.66,0.191,0,0,0,0,0,0,0,0,571.18,1041.44,0.00,576.93,11.272,1.707,642.2,10.16,1.04,0.00,0.02
tidesdb,PUT,2754793.62,1.815,2596.19,2414.29,92.99,2573.00,4131.00,4795.00,771.00,117157.00,577.64,1105.44,0.00,576.93,11.359,1.603,646.5,10.19,1.04,0.00,0.02
tidesdb,ITER,3454010.34,0.189,0,0,0,0,0,0,0,0,577.64,1105.44,0.00,576.93,11.359,1.603,646.5,10.19,1.04,0.00,0.02
tidesdb,PUT,2750560.98,1.818,2636.61,3119.48,118.31,2548.00,4315.00,5241.00,672.00,126299.00,584.74,1105.44,0.00,576.93,11.639,1.542,655.3,10.18,1.04,0.00,0.02
tidesdb,ITER,3391721.56,0.193,0,0,0,0,0,0,0,0,584.74,1105.44,0.00,576.93,11.639,1.542,655.3,10.18,1.04,0.00,0.02
rocksdb,PUT,1284300.45,3.893,6152.23,1973.75,32.08,6402.00,8632.00,9967.00,1320.00,75552.00,185.15,1293.67,0.37,679.01,11.404,1.066,293.5,59.92,1.23,0.00,0.11
rocksdb,ITER,1854873.34,0.354,0,0,0,0,0,0,0,0,185.15,1293.67,0.37,679.01,11.404,1.066,293.5,59.92,1.23,0.00,0.11
rocksdb,PUT,1292357.33,3.869,6126.80,1857.41,30.32,6343.00,8290.00,9272.00,1359.00,79380.00,190.86,1293.67,0.30,679.72,11.388,1.069,292.9,60.25,1.23,0.00,0.11
rocksdb,ITER,1710379.23,0.384,0,0,0,0,0,0,0,0,190.86,1293.67,0.30,679.72,11.388,1.069,292.9,60.25,1.23,0.00,0.11
rocksdb,PUT,1245254.96,4.015,6365.63,2726.28,42.83,6480.00,8689.00,11255.00,1436.00,75850.00,150.61,1293.67,0.27,680.48,11.726,1.020,292.4,54.44,1.23,0.00,0.10
rocksdb,ITER,1915709.08,0.343,0,0,0,0,0,0,0,0,150.61,1293.67,0.27,680.48,11.726,1.020,292.4,54.44,1.23,0.00,0.10
tidesdb,GET,2364384.80,2.115,3.09,5.06,163.76,3.00,5.00,8.00,0.00,3552.00,851.01,1112.64,0.00,0.00,15.558,1.521,532.5,43.82,0.00,0.00,0.00
tidesdb,ITER,6794863.08,0.736,0,0,0,0,0,0,0,0,851.01,1112.64,0.00,0.00,15.558,1.521,532.5,43.82,0.00,0.00,0.00
tidesdb,GET,2303102.05,2.171,3.16,5.30,168.12,3.00,5.00,8.00,0.00,2139.00,852.42,1176.64,0.00,0.00,15.650,1.756,533.8,43.80,0.00,0.00,0.00
tidesdb,ITER,6841938.90,0.731,0,0,0,0,0,0,0,0,852.42,1176.64,0.00,0.00,15.650,1.756,533.8,43.80,0.00,0.00,0.00
tidesdb,GET,2400561.54,2.083,3.08,4.96,161.31,3.00,5.00,8.00,0.00,3184.00,850.12,1240.66,0.00,0.00,15.525,1.498,534.0,43.87,0.00,0.00,0.00
tidesdb,ITER,6718741.39,0.744,0,0,0,0,0,0,0,0,850.12,1240.66,0.00,0.00,15.525,1.498,534.0,43.87,0.00,0.00,0.00
rocksdb,GET,1544828.61,3.237,4.73,4.09,86.44,4.00,10.00,16.00,1.00,2471.00,228.72,1302.44,0.00,0.00,22.753,2.847,537.5,52.96,0.00,0.00,0.00
rocksdb,ITER,4382942.99,1.141,0,0,0,0,0,0,0,0,228.72,1302.44,0.00,0.00,22.753,2.847,537.5,52.96,0.00,0.00,0.00
rocksdb,GET,1471513.12,3.398,5.14,3.97,77.20,5.00,11.00,17.00,1.00,1268.00,208.94,1302.44,0.00,0.00,24.348,3.335,558.5,52.81,0.00,0.00,0.00
rocksdb,ITER,4300494.47,1.163,0,0,0,0,0,0,0,0,208.94,1302.44,0.00,0.00,24.348,3.335,558.5,52.81,0.00,0.00,0.00
rocksdb,GET,1685973.88,2.966,4.46,3.55,79.68,4.00,9.00,15.00,1.00,940.00,216.18,1302.56,0.00,0.00,21.869,2.507,537.2,53.01,0.00,0.00,0.00
rocksdb,ITER,4240461.29,1.179,0,0,0,0,0,0,0,0,216.18,1302.56,0.00,0.00,21.869,2.507,537.2,53.01,0.00,0.00,0.00
tidesdb,GET,4229152.39,1.182,1.70,3.96,233.21,1.00,3.00,4.00,0.00,2162.00,844.91,1112.67,0.00,0.00,8.212,1.889,453.3,55.31,0.00,0.00,0.00
tidesdb,ITER,7092963.21,0.705,0,0,0,0,0,0,0,0,844.91,1112.67,0.00,0.00,8.212,1.889,453.3,55.31,0.00,0.00,0.00
tidesdb,GET,3743820.82,1.336,1.94,4.56,235.40,2.00,3.00,4.00,0.00,2059.00,842.94,1112.60,0.00,0.00,9.201,2.179,478.1,55.31,0.00,0.00,0.00
tidesdb,ITER,7106320.50,0.704,0,0,0,0,0,0,0,0,842.94,1112.60,0.00,0.00,9.201,2.179,478.1,55.31,0.00,0.00,0.00
tidesdb,GET,4194623.83,1.192,1.75,3.95,226.07,2.00,3.00,4.00,0.00,562.00,845.31,1112.79,0.00,0.00,8.353,1.987,460.8,55.31,0.00,0.00,0.00
tidesdb,ITER,7070485.67,0.707,0,0,0,0,0,0,0,0,845.31,1112.79,0.00,0.00,8.353,1.987,460.8,55.31,0.00,0.00,0.00
rocksdb,GET,2795987.42,1.788,2.18,1.87,85.81,2.00,4.00,7.00,1.00,2323.00,203.77,1293.34,0.00,87.18,14.932,0.427,475.5,87.33,0.00,0.00,0.00
rocksdb,ITER,4636107.30,1.078,0,0,0,0,0,0,0,0,203.77,1293.34,0.00,87.18,14.932,0.427,475.5,87.33,0.00,0.00,0.00
rocksdb,GET,2875771.28,1.739,2.16,1.85,85.66,2.00,4.00,7.00,1.00,2044.00,199.50,1293.34,0.00,87.18,15.027,0.507,481.0,87.33,0.00,0.00,0.00
rocksdb,ITER,4690167.53,1.066,0,0,0,0,0,0,0,0,199.50,1293.34,0.00,87.18,15.027,0.507,481.0,87.33,0.00,0.00,0.00
rocksdb,GET,2473797.54,2.021,2.62,1.90,72.73,2.00,5.00,8.00,0.00,1554.00,226.77,1357.09,0.00,87.18,16.884,0.616,510.6,87.33,0.00,0.00,0.00
rocksdb,ITER,4776844.91,1.047,0,0,0,0,0,0,0,0,226.77,1357.09,0.00,87.18,16.884,0.616,510.6,87.33,0.00,0.00,0.00
tidesdb,GET,2745264.69,1.821,2.10,2.61,124.22,2.00,3.00,5.00,0.00,2318.00,129.98,594.63,0.00,0.00,11.883,2.023,616.1,10.19,0.00,0.00,0.00
tidesdb,ITER,7350003.37,0.089,0,0,0,0,0,0,0,0,129.98,594.63,0.00,0.00,11.883,2.023,616.1,10.19,0.00,0.00,0.00
tidesdb,GET,2826011.51,1.769,2.07,2.42,116.74,2.00,3.00,5.00,0.00,1411.00,129.31,594.63,0.00,0.00,11.211,2.366,614.9,10.17,0.00,0.00,0.00
tidesdb,ITER,7460801.90,0.088,0,0,0,0,0,0,0,0,129.31,594.63,0.00,0.00,11.211,2.366,614.9,10.17,0.00,0.00,0.00
tidesdb,GET,2831588.98,1.766,2.07,2.37,114.68,2.00,3.00,5.00,0.00,744.00,129.98,594.63,0.00,0.00,11.378,2.373,623.4,10.17,0.00,0.00,0.00
tidesdb,ITER,7217368.74,0.091,0,0,0,0,0,0,0,0,129.98,594.63,0.00,0.00,11.378,2.373,623.4,10.17,0.00,0.00,0.00
rocksdb,GET,1726335.74,2.896,4.06,2.99,73.67,3.00,9.00,13.00,0.00,1024.00,157.74,1296.15,0.00,0.00,20.649,2.583,630.2,37.44,0.00,0.00,0.00
rocksdb,ITER,1945029.59,0.338,0,0,0,0,0,0,0,0,157.74,1296.15,0.00,0.00,20.649,2.583,630.2,37.44,0.00,0.00,0.00
rocksdb,GET,1700252.32,2.941,4.05,3.27,80.82,3.00,9.00,13.00,0.00,2700.00,156.37,1296.48,0.00,0.00,20.601,2.554,626.6,36.34,0.00,0.00,0.00
rocksdb,ITER,1989932.94,0.330,0,0,0,0,0,0,0,0,156.37,1296.48,0.00,0.00,20.601,2.554,626.6,36.34,0.00,0.00,0.00
rocksdb,GET,1794215.02,2.787,3.91,3.27,83.73,3.00,9.00,13.00,0.00,1291.00,154.28,1296.16,0.00,0.00,19.744,2.502,630.5,37.42,0.00,0.00,0.00
rocksdb,ITER,1893283.97,0.347,0,0,0,0,0,0,0,0,154.28,1296.16,0.00,0.00,19.744,2.502,630.5,37.42,0.00,0.00,0.00
tidesdb,GET,2240893.35,2.231,3.32,14.38,433.47,3.00,6.00,8.00,0.00,10474.00,852.33,1176.65,2.51,0.00,16.027,1.773,536.0,43.77,0.00,0.00,0.00
tidesdb,ITER,6799751.40,0.735,0,0,0,0,0,0,0,0,852.33,1176.65,2.51,0.00,16.027,1.773,536.0,43.77,0.00,0.00,0.00
tidesdb,GET,2281726.61,2.191,3.18,6.11,192.26,3.00,5.00,8.00,1.00,3026.00,849.20,1176.66,3.11,0.00,15.996,1.503,531.9,43.83,0.00,0.01,0.00
tidesdb,ITER,6776803.27,0.738,0,0,0,0,0,0,0,0,849.20,1176.66,3.11,0.00,15.996,1.503,531.9,43.83,0.00,0.01,0.00
tidesdb,GET,2446119.33,2.044,2.95,5.17,175.12,3.00,5.00,7.00,0.00,1742.00,850.60,1112.66,2.96,0.00,14.651,1.721,521.4,43.70,0.00,0.01,0.00
tidesdb,ITER,6770572.38,0.738,0,0,0,0,0,0,0,0,850.60,1112.66,2.96,0.00,14.651,1.721,521.4,43.70,0.00,0.01,0.00
rocksdb,GET,1619129.56,3.088,4.68,7.23,154.41,4.00,9.00,15.00,1.00,1341.00,203.68,1302.38,42.07,0.00,21.822,2.374,521.1,52.78,0.00,0.08,0.00
rocksdb,ITER,4289842.34,1.166,0,0,0,0,0,0,0,0,203.68,1302.38,42.07,0.00,21.822,2.374,521.1,52.78,0.00,0.08,0.00
rocksdb,GET,1661468.49,3.009,4.60,7.27,158.04,4.00,9.00,15.00,1.00,4026.00,212.14,1302.47,41.63,0.00,21.845,2.157,503.2,52.93,0.00,0.08,0.00
rocksdb,ITER,3655240.63,1.368,0,0,0,0,0,0,0,0,212.14,1302.47,41.63,0.00,21.845,2.157,503.2,52.93,0.00,0.08,0.00
rocksdb,GET,1447479.65,3.454,5.20,15.57,299.17,4.00,10.00,16.00,1.00,6951.00,211.43,1302.57,41.71,0.00,23.847,2.476,529.8,53.05,0.00,0.08,0.00
rocksdb,ITER,4431653.71,1.128,0,0,0,0,0,0,0,0,211.43,1302.57,41.71,0.00,23.847,2.476,529.8,53.05,0.00,0.08,0.00
tidesdb,GET,4241396.54,1.179,1.70,6.45,378.92,1.00,3.00,4.00,0.00,6083.00,843.67,1112.77,27.36,0.00,8.321,1.761,451.8,55.31,0.00,0.05,0.00
tidesdb,ITER,6984186.41,0.716,0,0,0,0,0,0,0,0,843.67,1112.77,27.36,0.00,8.321,1.761,451.8,55.31,0.00,0.05,0.00
tidesdb,GET,3982207.50,1.256,1.75,8.63,493.22,2.00,3.00,4.00,0.00,8009.00,844.43,1112.66,27.50,0.00,8.696,1.620,446.6,55.30,0.00,0.05,0.00
tidesdb,ITER,7010174.57,0.713,0,0,0,0,0,0,0,0,844.43,1112.66,27.50,0.00,8.696,1.620,446.6,55.30,0.00,0.05,0.00
tidesdb,GET,4200402.90,1.190,1.71,4.86,284.53,2.00,3.00,4.00,0.00,1917.00,844.21,1112.66,27.36,0.00,8.228,1.881,451.8,55.31,0.00,0.05,0.00
tidesdb,ITER,7089342.73,0.705,0,0,0,0,0,0,0,0,844.21,1112.66,27.36,0.00,8.228,1.881,451.8,55.31,0.00,0.05,0.00
rocksdb,GET,2410034.61,2.075,2.82,16.62,589.00,2.00,4.00,8.00,1.00,6185.00,201.73,1293.75,85.25,87.18,16.392,0.703,479.0,87.29,0.00,0.15,0.00
rocksdb,ITER,4469269.75,1.119,0,0,0,0,0,0,0,0,201.73,1293.75,85.25,87.18,16.392,0.703,479.0,87.29,0.00,0.15,0.00
rocksdb,GET,2416139.42,2.069,2.71,15.36,567.22,2.00,4.00,8.00,1.00,5393.00,203.45,1293.54,84.89,87.18,16.161,0.657,446.0,87.29,0.00,0.15,0.00
rocksdb,ITER,3761765.86,1.329,0,0,0,0,0,0,0,0,203.45,1293.54,84.89,87.18,16.161,0.657,446.0,87.29,0.00,0.15,0.00
rocksdb,GET,1968591.52,2.540,3.08,29.71,964.03,2.00,5.00,9.00,0.00,42357.00,206.20,1357.11,85.32,87.18,17.768,0.699,455.4,87.29,0.00,0.15,0.00
rocksdb,ITER,4621934.96,1.082,0,0,0,0,0,0,0,0,206.20,1357.11,85.32,87.18,17.768,0.699,455.4,87.29,0.00,0.15,0.00
tidesdb,PUT,5769548.09,0.867,1307.73,515.86,39.45,1236.00,2075.00,2559.00,614.00,11602.00,1181.86,2112.75,0.04,647.21,10.889,1.028,488.1,103.91,1.17,0.00,0.19
tidesdb,ITER,3176949.07,1.574,0,0,0,0,0,0,0,0,1181.86,2112.75,0.04,647.21,10.889,1.028,488.1,103.91,1.17,0.00,0.19
tidesdb,PUT,4888431.33,1.023,1610.01,1013.00,62.92,1386.00,2887.00,6202.00,646.00,18307.00,1170.87,2096.27,0.02,642.71,11.082,1.251,492.6,103.92,1.16,0.00,0.19
tidesdb,ITER,3378545.02,1.480,0,0,0,0,0,0,0,0,1170.87,2096.27,0.02,642.71,11.082,1.251,492.6,103.92,1.16,0.00,0.19
tidesdb,PUT,7282408.90,0.687,1055.39,293.96,27.85,1007.00,1518.00,1956.00,594.00,3285.00,1578.70,2278.90,0.01,617.84,7.782,1.086,403.8,103.91,1.12,0.00,0.19
tidesdb,ITER,3526461.15,1.418,0,0,0,0,0,0,0,0,1578.70,2278.90,0.01,617.84,7.782,1.086,403.8,103.91,1.12,0.00,0.19
rocksdb,PUT,2059939.29,2.427,3881.38,5127.88,132.11,3504.00,4823.00,6606.00,2137.00,113956.00,252.42,1294.16,0.10,876.96,12.441,1.349,297.2,213.47,1.59,0.00,0.39
rocksdb,ITER,2276806.90,2.196,0,0,0,0,0,0,0,0,252.42,1294.16,0.10,876.96,12.441,1.349,297.2,213.47,1.59,0.00,0.39
rocksdb,PUT,1829089.84,2.734,4371.07,17180.91,393.06,3568.00,4827.00,7530.00,2113.00,433270.00,224.16,1294.15,0.15,870.63,12.626,1.361,278.7,211.89,1.57,0.00,0.38
rocksdb,ITER,2205241.86,2.267,0,0,0,0,0,0,0,0,224.16,1294.15,0.15,870.63,12.626,1.361,278.7,211.89,1.57,0.00,0.38
rocksdb,PUT,1934857.23,2.584,4131.98,8062.41,195.12,3616.00,5019.00,7131.00,2234.00,208984.00,258.48,1294.18,0.13,876.03,12.379,1.295,290.8,215.78,1.58,0.00,0.39
rocksdb,ITER,2377505.00,2.103,0,0,0,0,0,0,0,0,258.48,1294.18,0.13,876.03,12.379,1.295,290.8,215.78,1.58,0.00,0.39
tidesdb,PUT,2209298.32,2.263,3322.03,1223.86,36.84,3209.00,5509.00,6315.00,945.00,7995.00,1287.78,1816.09,0.05,606.76,53.206,1.554,614.8,43.96,1.10,0.00,0.08
tidesdb,GET,1172729.17,4.264,6.30,5.40,85.61,6.00,14.00,20.00,0.00,3429.00,1287.78,1816.09,0.05,606.76,53.206,1.554,614.8,43.96,1.10,0.00,0.08
tidesdb,ITER,2530448.89,1.976,0,0,0,0,0,0,0,0,1287.78,1816.09,0.05,606.76,53.206,1.554,614.8,43.96,1.10,0.00,0.08
tidesdb,PUT,2121694.45,2.357,3505.02,1205.20,34.38,3434.00,5581.00,6731.00,758.00,9020.00,1288.42,1813.62,0.02,606.03,52.992,1.756,617.0,43.79,1.10,0.00,0.08
tidesdb,GET,1193556.13,4.189,6.14,4.98,81.04,6.00,14.00,19.00,0.00,1723.00,1288.42,1813.62,0.02,606.03,52.992,1.756,617.0,43.79,1.10,0.00,0.08
tidesdb,ITER,2592226.22,1.929,0,0,0,0,0,0,0,0,1288.42,1813.62,0.02,606.03,52.992,1.756,617.0,43.79,1.10,0.00,0.08
tidesdb,PUT,2221245.86,2.251,3427.32,1202.34,35.08,3358.00,5527.00,6531.00,792.00,9103.00,1279.23,1817.86,0.00,606.96,52.692,1.614,629.1,43.74,1.10,0.00,0.08
tidesdb,GET,1245495.04,4.014,6.08,6.76,111.15,5.00,14.00,20.00,0.00,4017.00,1279.23,1817.86,0.00,606.96,52.692,1.614,629.1,43.74,1.10,0.00,0.08
tidesdb,ITER,2544129.19,1.965,0,0,0,0,0,0,0,0,1279.23,1817.86,0.00,606.96,52.692,1.614,629.1,43.74,1.10,0.00,0.08
rocksdb,PUT,1707359.30,2.928,4681.40,1008.12,21.53,4624.00,6473.00,8037.00,1866.00,10795.00,319.86,1292.75,0.27,691.96,39.941,3.549,501.3,73.70,1.25,0.00,0.13
rocksdb,GET,1188910.79,4.206,6.10,4.23,69.36,6.00,13.00,19.00,0.00,1746.00,319.86,1292.75,0.27,691.96,39.941,3.549,501.3,73.70,1.25,0.00,0.13
rocksdb,ITER,4339328.55,1.152,0,0,0,0,0,0,0,0,319.86,1292.75,0.27,691.96,39.941,3.549,501.3,73.70,1.25,0.00,0.13
rocksdb,PUT,1668523.73,2.997,4791.44,3787.44,79.05,4593.00,6276.00,8374.00,2511.00,95309.00,350.44,1292.74,0.26,689.73,41.466,4.025,509.4,81.56,1.25,0.00,0.15
rocksdb,GET,1142108.44,4.378,6.53,5.33,81.67,6.00,14.00,20.00,0.00,3537.00,350.44,1292.74,0.26,689.73,41.466,4.025,509.4,81.56,1.25,0.00,0.15
rocksdb,ITER,4310731.31,1.160,0,0,0,0,0,0,0,0,350.44,1292.74,0.26,689.73,41.466,4.025,509.4,81.56,1.25,0.00,0.15
rocksdb,PUT,1658741.75,3.014,4818.65,1147.91,23.82,4697.00,6806.00,8365.00,2539.00,15643.00,351.38,1292.87,0.28,692.13,39.356,3.152,474.8,73.31,1.25,0.00,0.13
rocksdb,GET,1206400.97,4.145,5.79,5.17,89.27,5.00,13.00,19.00,0.00,3471.00,351.38,1292.87,0.28,692.13,39.356,3.152,474.8,73.31,1.25,0.00,0.13
rocksdb,ITER,3565715.79,1.402,0,0,0,0,0,0,0,0,351.38,1292.87,0.28,692.13,39.356,3.152,474.8,73.31,1.25,0.00,0.13
tidesdb,PUT,2551077.68,1.960,2797.69,2788.76,99.68,2674.00,4779.00,5793.00,791.00,140834.00,610.54,1015.61,0.00,576.93,26.012,2.758,647.2,10.17,1.04,0.00,0.02
tidesdb,GET,2602376.18,1.921,2.43,2.09,86.04,2.00,5.00,7.00,0.00,1733.00,610.54,1015.61,0.00,576.93,26.012,2.758,647.2,10.17,1.04,0.00,0.02
tidesdb,ITER,3478767.28,0.188,0,0,0,0,0,0,0,0,610.54,1015.61,0.00,576.93,26.012,2.758,647.2,10.17,1.04,0.00,0.02
tidesdb,PUT,2754787.55,1.815,2615.05,3236.39,123.76,2564.00,4206.00,4827.00,720.00,132614.00,609.15,1015.61,0.00,576.93,25.458,2.540,656.4,10.22,1.04,0.00,0.02
tidesdb,GET,2658263.72,1.881,2.42,2.03,84.14,2.00,5.00,7.00,0.00,1050.00,609.15,1015.61,0.00,576.93,25.458,2.540,656.4,10.22,1.04,0.00,0.02
tidesdb,ITER,3346905.38,0.196,0,0,0,0,0,0,0,0,609.15,1015.61,0.00,576.93,25.458,2.540,656.4,10.22,1.04,0.00,0.02
tidesdb,PUT,2726221.89,1.834,2619.36,2541.60,97.03,2586.00,4166.00,4931.00,752.00,121031.00,615.11,1079.61,0.00,576.93,26.045,2.791,651.8,10.17,1.04,0.00,0.02
tidesdb,GET,2508228.24,1.993,2.49,1.58,63.35,2.00,5.00,7.00,0.00,555.00,615.11,1079.61,0.00,576.93,26.045,2.791,651.8,10.17,1.04,0.00,0.02
tidesdb,ITER,3458318.77,0.189,0,0,0,0,0,0,0,0,615.11,1079.61,0.00,576.93,26.045,2.791,651.8,10.17,1.04,0.00,0.02
rocksdb,PUT,1302656.30,3.838,6065.08,1951.31,32.17,6381.00,8319.00,9642.00,1404.00,76252.00,266.15,1292.49,0.38,679.78,37.575,3.392,491.5,54.18,1.23,0.00,0.10
rocksdb,GET,1344011.96,3.720,5.23,4.38,83.70,5.00,12.00,16.00,0.00,3172.00,266.15,1292.49,0.38,679.78,37.575,3.392,491.5,54.18,1.23,0.00,0.10
rocksdb,ITER,1871475.88,0.351,0,0,0,0,0,0,0,0,266.15,1292.49,0.38,679.78,37.575,3.392,491.5,54.18,1.23,0.00,0.10
rocksdb,PUT,1310237.86,3.816,6030.91,1944.00,32.23,6242.00,8390.00,9756.00,1340.00,76705.00,215.47,1292.49,0.27,678.96,36.534,3.396,493.0,61.08,1.23,0.00,0.11
rocksdb,GET,1430528.80,3.495,5.01,4.12,82.16,4.00,11.00,16.00,0.00,3585.00,215.47,1292.49,0.27,678.96,36.534,3.396,493.0,61.08,1.23,0.00,0.11
rocksdb,ITER,1830766.44,0.359,0,0,0,0,0,0,0,0,215.47,1292.49,0.27,678.96,36.534,3.396,493.0,61.08,1.23,0.00,0.11
rocksdb,PUT,1290710.63,3.874,6004.00,3509.34,58.45,6357.00,8298.00,9972.00,1076.00,133840.00,235.89,1292.49,0.29,678.56,37.627,3.012,495.3,65.24,1.23,0.00,0.12
rocksdb,GET,1416377.63,3.530,5.08,3.84,75.53,4.00,12.00,16.00,0.00,1783.00,235.89,1292.49,0.29,678.56,37.627,3.012,495.3,65.24,1.23,0.00,0.12
rocksdb,ITER,1788182.50,0.370,0,0,0,0,0,0,0,0,235.89,1292.49,0.29,678.56,37.627,3.012,495.3,65.24,1.23,0.00,0.12
tidesdb,SEEK,975147.01,5.127,7.93,10.93,137.80,7.00,13.00,18.00,2.00,1897.00,856.76,1240.66,0.00,0.00,40.530,0.736,655.4,43.95,0.00,0.00,0.00
tidesdb,ITER,6603737.45,0.757,0,0,0,0,0,0,0,0,856.76,1240.66,0.00,0.00,40.530,0.736,655.4,43.95,0.00,0.00,0.00
tidesdb,SEEK,998826.78,5.006,7.70,22.63,293.90,7.00,12.00,18.00,2.00,9419.00,855.46,1240.66,0.00,0.00,38.771,0.747,644.5,43.77,0.00,0.00,0.00
tidesdb,ITER,6781031.02,0.737,0,0,0,0,0,0,0,0,855.46,1240.66,0.00,0.00,38.771,0.747,644.5,43.77,0.00,0.00,0.00
tidesdb,SEEK,991530.94,5.043,7.74,12.30,158.86,7.00,12.00,18.00,2.00,4062.00,855.82,1240.66,0.00,0.00,39.621,0.669,651.7,43.81,0.00,0.00,0.00
tidesdb,ITER,6665306.94,0.750,0,0,0,0,0,0,0,0,855.82,1240.66,0.00,0.00,39.621,0.669,651.7,43.81,0.00,0.00,0.00
rocksdb,SEEK,671909.80,7.441,10.96,12.88,117.48,10.00,20.00,29.00,3.00,12561.00,265.01,1302.70,0.00,0.00,50.620,5.800,620.9,52.98,0.00,0.00,0.00
rocksdb,ITER,4062210.31,1.231,0,0,0,0,0,0,0,0,265.01,1302.70,0.00,0.00,50.620,5.800,620.9,52.98,0.00,0.00,0.00
rocksdb,SEEK,722257.37,6.923,10.55,5.53,52.42,9.00,18.00,27.00,3.00,1721.00,251.64,1302.56,0.00,0.00,49.170,5.393,641.4,53.03,0.00,0.00,0.00
rocksdb,ITER,4300930.98,1.163,0,0,0,0,0,0,0,0,251.64,1302.56,0.00,0.00,49.170,5.393,641.4,53.03,0.00,0.00,0.00
rocksdb,SEEK,680504.50,7.347,10.93,7.90,72.26,10.00,20.00,29.00,3.00,4352.00,269.62,1302.43,0.00,0.00,51.177,5.197,631.8,53.05,0.00,0.00,0.00
rocksdb,ITER,4274753.82,1.170,0,0,0,0,0,0,0,0,269.62,1302.43,0.00,0.00,51.177,5.197,631.8,53.05,0.00,0.00,0.00
tidesdb,SEEK,3432451.08,1.457,1.86,3.60,193.68,2.00,3.00,3.00,1.00,579.00,845.36,1112.64,0.00,0.00,10.327,0.457,431.9,55.31,0.00,0.00,0.00
tidesdb,ITER,6953048.84,0.719,0,0,0,0,0,0,0,0,845.36,1112.64,0.00,0.00,10.327,0.457,431.9,55.31,0.00,0.00,0.00
tidesdb,SEEK,3676603.05,1.360,1.88,3.71,196.94,2.00,3.00,4.00,1.00,896.00,843.35,1112.81,0.00,0.00,10.477,0.516,443.8,55.31,0.00,0.00,0.00
tidesdb,ITER,6916432.89,0.723,0,0,0,0,0,0,0,0,843.35,1112.81,0.00,0.00,10.477,0.516,443.8,55.31,0.00,0.00,0.00
tidesdb,SEEK,3326016.10,1.503,2.16,4.09,189.35,2.00,3.00,4.00,1.00,2121.00,844.36,1112.61,0.00,0.00,11.745,0.580,484.8,55.31,0.00,0.00,0.00
tidesdb,ITER,6981972.55,0.716,0,0,0,0,0,0,0,0,844.36,1112.61,0.00,0.00,11.745,0.580,484.8,55.31,0.00,0.00,0.00
rocksdb,SEEK,1655340.82,3.021,3.91,2.31,59.01,3.00,7.00,11.00,1.00,1025.00,182.11,1292.57,0.00,87.18,23.267,0.590,552.7,87.33,0.00,0.00,0.00
rocksdb,ITER,5223541.46,0.957,0,0,0,0,0,0,0,0,182.11,1292.57,0.00,87.18,23.267,0.590,552.7,87.33,0.00,0.00,0.00
rocksdb,SEEK,1638097.16,3.052,4.19,2.80,66.92,3.00,8.00,11.00,1.00,1768.00,193.80,1292.57,0.01,87.18,25.313,0.643,595.4,87.33,0.00,0.00,0.00
rocksdb,ITER,5224567.59,0.957,0,0,0,0,0,0,0,0,193.80,1292.57,0.01,87.18,25.313,0.643,595.4,87.33,0.00,0.00,0.00
rocksdb,SEEK,1021398.29,4.895,6.07,3.41,56.13,5.00,12.00,15.00,1.00,1089.00,220.07,1356.57,0.04,87.18,34.282,0.524,545.3,87.33,0.00,0.00,0.00
rocksdb,ITER,4404541.26,1.135,0,0,0,0,0,0,0,0,220.07,1356.57,0.04,87.18,34.282,0.524,545.3,87.33,0.00,0.00,0.00
tidesdb,RANGE,1468251.99,0.341,4.99,6.22,124.72,5.00,7.00,8.00,1.00,1528.00,185.62,671.20,0.00,0.00,1.548,1.736,302.5,55.31,0.00,0.00,0.00
tidesdb,ITER,6988403.44,0.715,0,0,0,0,0,0,0,0,185.62,671.20,0.00,0.00,1.548,1.736,302.5,55.31,0.00,0.00,0.00
tidesdb,RANGE,1487435.63,0.336,5.03,5.12,101.64,5.00,7.00,8.00,1.00,554.00,186.16,607.20,0.00,0.00,1.781,1.542,304.1,55.31,0.00,0.00,0.00
tidesdb,ITER,6918586.23,0.723,0,0,0,0,0,0,0,0,186.16,607.20,0.00,0.00,1.781,1.542,304.1,55.31,0.00,0.00,0.00
tidesdb,RANGE,1374668.70,0.364,5.01,5.50,109.75,5.00,8.00,10.00,1.00,477.00,189.12,611.09,0.00,0.00,1.640,1.659,297.6,55.30,0.00,0.00,0.00
tidesdb,ITER,7009270.46,0.713,0,0,0,0,0,0,0,0,189.12,611.09,0.00,0.00,1.640,1.659,297.6,55.30,0.00,0.00,0.00
rocksdb,RANGE,2792219.76,0.179,2.36,7.01,296.85,2.00,3.00,15.00,1.00,3458.00,138.02,1303.22,0.00,46.00,3.554,0.208,277.8,98.26,0.00,0.00,0.00
rocksdb,ITER,4367556.05,1.145,0,0,0,0,0,0,0,0,138.02,1303.22,0.00,46.00,3.554,0.208,277.8,98.26,0.00,0.00,0.00
rocksdb,RANGE,3851101.03,0.130,1.71,3.82,223.09,1.00,3.00,11.00,0.00,2104.00,140.05,1303.27,0.03,48.00,3.134,0.166,259.2,98.27,0.00,0.00,0.00
rocksdb,ITER,4483211.27,1.115,0,0,0,0,0,0,0,0,140.05,1303.27,0.03,48.00,3.134,0.166,259.2,98.27,0.00,0.00,0.00
rocksdb,RANGE,2746935.79,0.182,2.19,3.44,156.83,2.00,3.00,15.00,1.00,970.00,143.00,1303.22,0.01,53.00,3.555,0.195,270.2,98.17,0.00,0.00,0.00
rocksdb,ITER,4259404.55,1.174,0,0,0,0,0,0,0,0,143.00,1303.22,0.01,53.00,3.555,0.195,270.2,98.17,0.00,0.00,0.00
tidesdb,RANGE,1374797.22,0.364,5.17,7.10,137.23,4.00,7.00,21.00,1.00,1018.00,178.97,664.80,0.00,0.00,1.858,1.527,304.3,55.31,0.00,0.00,0.00
tidesdb,ITER,6962168.97,0.718,0,0,0,0,0,0,0,0,178.97,664.80,0.00,0.00,1.858,1.527,304.3,55.31,0.00,0.00,0.00
tidesdb,RANGE,1354367.56,0.369,5.28,6.60,125.07,5.00,7.00,17.00,1.00,460.00,190.28,611.11,0.00,0.00,1.761,1.670,308.9,55.30,0.00,0.00,0.00
tidesdb,ITER,7037743.42,0.710,0,0,0,0,0,0,0,0,190.28,611.11,0.00,0.00,1.761,1.670,308.9,55.30,0.00,0.00,0.00
tidesdb,RANGE,1309905.24,0.382,5.27,6.73,127.60,4.00,8.00,17.00,1.00,470.00,186.29,607.20,0.00,0.00,1.825,1.612,303.9,55.30,0.00,0.00,0.00
tidesdb,ITER,6956850.83,0.719,0,0,0,0,0,0,0,0,186.29,607.20,0.00,0.00,1.825,1.612,303.9,55.30,0.00,0.00,0.00
rocksdb,RANGE,1531980.08,0.326,4.11,8.63,209.67,3.00,5.00,53.00,1.00,939.00,175.16,1303.22,0.00,62.00,4.822,0.266,308.2,98.24,0.00,0.00,0.00
rocksdb,ITER,3869765.37,1.292,0,0,0,0,0,0,0,0,175.16,1303.22,0.00,62.00,4.822,0.266,308.2,98.24,0.00,0.00,0.00
rocksdb,RANGE,2332187.45,0.214,2.81,7.59,270.50,2.00,3.00,42.00,1.00,1669.00,169.16,1303.22,0.00,53.00,3.753,0.257,290.3,98.26,0.00,0.00,0.00
rocksdb,ITER,4396682.79,1.137,0,0,0,0,0,0,0,0,169.16,1303.22,0.00,53.00,3.753,0.257,290.3,98.26,0.00,0.00,0.00
rocksdb,RANGE,2473264.02,0.202,2.83,5.60,197.71,2.00,4.00,33.00,1.00,294.00,168.97,1303.18,0.00,50.00,3.807,0.174,292.8,98.17,0.00,0.00,0.00
rocksdb,ITER,4430393.21,1.129,0,0,0,0,0,0,0,0,168.97,1303.18,0.00,50.00,3.807,0.174,292.8,98.17,0.00,0.00,0.00
tidesdb,RANGE,1461069.80,0.137,4.30,20.49,476.02,3.00,4.00,7.00,1.00,849.00,71.77,599.00,0.00,0.00,0.818,0.348,278.1,22.11,0.00,0.00,0.00
tidesdb,ITER,7409520.49,0.270,0,0,0,0,0,0,0,0,71.77,599.00,0.00,0.00,0.818,0.348,278.1,22.11,0.00,0.00,0.00
tidesdb,RANGE,1567705.27,0.128,4.10,18.15,442.74,3.00,4.00,6.00,1.00,1055.00,71.31,599.00,0.00,0.00,0.745,0.383,272.1,22.11,0.00,0.00,0.00
tidesdb,ITER,7250790.34,0.276,0,0,0,0,0,0,0,0,71.31,599.00,0.00,0.00,0.745,0.383,272.1,22.11,0.00,0.00,0.00
tidesdb,RANGE,1701418.13,0.118,4.10,18.38,448.41,3.00,4.00,6.00,1.00,785.00,71.44,599.00,0.00,0.00,0.728,0.402,278.9,22.12,0.00,0.00,0.00
tidesdb,ITER,7223398.03,0.277,0,0,0,0,0,0,0,0,71.44,599.00,0.00,0.00,0.728,0.402,278.9,22.12,0.00,0.00,0.00
rocksdb,RANGE,1818545.53,0.110,3.37,24.71,733.75,1.00,3.00,4.00,1.00,831.00,127.48,1300.94,0.00,25.99,1.628,0.128,298.1,42.02,0.00,0.00,0.00
rocksdb,ITER,4265483.71,0.469,0,0,0,0,0,0,0,0,127.48,1300.94,0.00,25.99,1.628,0.128,298.1,42.02,0.00,0.00,0.00
rocksdb,RANGE,1320349.89,0.151,4.44,31.52,710.43,2.00,4.00,5.00,1.00,1259.00,125.91,1298.94,0.00,24.00,1.908,0.112,319.7,42.02,0.00,0.00,0.00
rocksdb,ITER,4268724.76,0.469,0,0,0,0,0,0,0,0,125.91,1298.94,0.00,24.00,1.908,0.112,319.7,42.02,0.00,0.00,0.00
rocksdb,RANGE,1959401.21,0.102,3.03,20.16,665.81,1.00,3.00,4.00,1.00,710.00,125.64,1299.05,0.01,23.00,1.535,0.068,296.0,42.02,0.00,0.00,0.00
rocksdb,ITER,4654323.40,0.430,0,0,0,0,0,0,0,0,125.64,1299.05,0.01,23.00,1.535,0.068,296.0,42.02,0.00,0.00,0.00
tidesdb,DELETE,2635575.31,1.897,2919.15,1078.68,36.95,2816.00,4795.00,5772.00,837.00,9393.00,813.61,1112.65,0.00,100.21,15.424,1.039,409.4,0.00,0.18,0.00,0.00
tidesdb,ITER,2354683.09,2.123,0,0,0,0,0,0,0,0,813.61,1112.65,0.00,100.21,15.424,1.039,409.4,0.00,0.18,0.00,0.00
tidesdb,DELETE,2675752.81,1.869,2851.40,1344.17,47.14,2676.00,4766.00,5706.00,755.00,57459.00,813.55,1112.65,0.00,100.21,15.221,0.936,401.3,0.00,0.18,0.00,0.00
tidesdb,ITER,2317918.25,2.157,0,0,0,0,0,0,0,0,813.55,1112.65,0.00,100.21,15.221,0.936,401.3,0.00,0.18,0.00,0.00
tidesdb,DELETE,2794495.07,1.789,2746.24,1027.76,37.42,2598.00,4706.00,5643.00,808.00,7463.00,813.37,1112.65,0.00,100.21,14.814,0.823,397.2,0.00,0.18,0.00,0.00
tidesdb,ITER,2328973.03,2.147,0,0,0,0,0,0,0,0,813.37,1112.65,0.00,100.21,14.814,0.823,397.2,0.00,0.18,0.00,0.00
rocksdb,DELETE,2712657.42,1.843,2944.98,1567.58,53.23,2803.00,4440.00,5337.00,657.00,36379.00,183.69,1294.51,0.02,157.52,11.470,0.606,327.1,65.86,0.28,0.00,0.00
rocksdb,DELETE,2635508.63,1.897,3032.40,2908.20,95.90,2822.00,4183.00,5393.00,571.00,64256.00,173.10,1294.91,0.09,157.61,11.565,0.455,324.4,65.70,0.28,0.00,0.00
rocksdb,DELETE,2725732.94,1.834,2931.76,1298.12,44.28,2767.00,4391.00,5960.00,689.00,29108.00,157.22,1294.58,0.02,157.58,11.695,0.497,334.3,65.32,0.28,0.00,0.00
tidesdb,PUT,6388996.61,1.565,1200.57,397.79,33.13,1099.00,1889.00,2457.00,583.00,5382.00,2479.12,2890.37,0.04,1205.97,13.475,2.158,532.8,110.65,1.09,0.00,0.10
tidesdb,ITER,7311507.51,1.368,0,0,0,0,0,0,0,0,2479.12,2890.37,0.04,1205.97,13.475,2.158,532.8,110.65,1.09,0.00,0.10
tidesdb,RANGE,37087.04,0.270,202.53,61.75,30.49,187.00,329.00,379.00,118.00,1338.00,48.73,613.69,0.00,0.00,3.412,0.086,201.4,110.65,0.00,0.00,0.00
tidesdb,ITER,6819570.53,1.466,0,0,0,0,0,0,0,0,48.73,613.69,0.00,0.00,3.412,0.086,201.4,110.65,0.00,0.00,0.00
tidesdb,PUT,6317103.43,1.583,1212.86,383.11,31.59,1121.00,1899.00,2369.00,612.00,6450.00,2478.83,2896.90,0.03,1207.80,13.707,2.090,534.7,110.65,1.09,0.00,0.10
tidesdb,ITER,7298460.32,1.370,0,0,0,0,0,0,0,0,2478.83,2896.90,0.03,1207.80,13.707,2.090,534.7,110.65,1.09,0.00,0.10
tidesdb,RANGE,30445.29,0.328,206.56,72.14,34.93,179.00,352.00,380.00,117.00,772.00,48.74,613.98,0.00,0.00,3.427,0.078,198.8,110.65,0.00,0.00,0.00
tidesdb,ITER,6974449.11,1.434,0,0,0,0,0,0,0,0,48.74,613.98,0.00,0.00,3.427,0.078,198.8,110.65,0.00,0.00,0.00
tidesdb,PUT,6110870.75,1.636,1264.93,416.87,32.96,1172.00,1918.00,2533.00,563.00,6341.00,2478.58,2867.47,0.01,1199.50,13.828,2.088,530.4,110.65,1.08,0.00,0.10
tidesdb,ITER,7337774.64,1.363,0,0,0,0,0,0,0,0,2478.58,2867.47,0.01,1199.50,13.828,2.088,530.4,110.65,1.08,0.00,0.10
tidesdb,RANGE,39524.29,0.253,187.26,68.62,36.65,151.00,334.00,357.00,116.00,715.00,46.47,612.69,0.00,0.00,3.206,0.093,197.1,110.65,0.00,0.00,0.00
tidesdb,ITER,7041370.87,1.420,0,0,0,0,0,0,0,0,46.47,612.69,0.00,0.00,3.206,0.093,197.1,110.65,0.00,0.00,0.00
rocksdb,PUT,1955678.08,5.113,4089.38,12970.24,317.17,3292.00,4677.00,8003.00,2042.00,400020.00,195.07,1293.59,0.81,1631.23,18.685,2.235,276.1,204.64,1.47,0.00,0.18
rocksdb,ITER,4065121.62,2.460,0,0,0,0,0,0,0,0,195.07,1293.59,0.81,1631.23,18.685,2.235,276.1,204.64,1.47,0.00,0.18
rocksdb,RANGE,32427.63,0.308,177.20,78.40,44.24,138.00,357.00,371.00,128.00,627.00,134.85,1312.89,0.04,90.32,5.913,0.283,254.2,196.54,0.00,0.00,0.00
rocksdb,ITER,4697947.80,2.129,0,0,0,0,0,0,0,0,134.85,1312.89,0.04,90.32,5.913,0.283,254.2,196.54,0.00,0.00,0.00
rocksdb,PUT,2137191.45,4.679,3741.85,6727.32,179.79,3264.00,4624.00,6696.00,2139.00,197284.00,251.98,1293.72,0.75,1614.54,18.300,2.105,296.9,226.38,1.46,0.00,0.20
rocksdb,ITER,4564288.46,2.191,0,0,0,0,0,0,0,0,251.98,1293.72,0.75,1614.54,18.300,2.105,296.9,226.38,1.46,0.00,0.20
rocksdb,RANGE,35929.86,0.278,165.90,74.17,44.71,132.00,345.00,364.00,126.00,1271.00,100.87,1314.54,0.00,0.00,3.610,0.131,158.4,184.59,0.00,0.00,0.00
rocksdb,ITER,4801662.53,2.083,0,0,0,0,0,0,0,0,100.87,1314.54,0.00,0.00,3.610,0.131,158.4,184.59,0.00,0.00,0.00
rocksdb,PUT,2132252.99,4.690,3750.66,4339.87,115.71,3332.00,4845.00,6425.00,2166.00,110905.00,271.31,1293.59,0.79,1581.93,18.045,2.009,285.8,231.24,1.43,0.00,0.21
rocksdb,ITER,4327870.84,2.311,0,0,0,0,0,0,0,0,271.31,1293.59,0.79,1581.93,18.045,2.009,285.8,231.24,1.43,0.00,0.21
rocksdb,RANGE,30232.40,0.331,199.47,95.63,47.94,140.00,369.00,383.00,127.00,884.00,134.48,1312.85,0.00,92.32,6.325,0.259,259.7,191.30,0.00,0.00,0.00
rocksdb,ITER,4536468.21,2.204,0,0,0,0,0,0,0,0,134.48,1312.85,0.00,92.32,6.325,0.259,259.7,191.30,0.00,0.00,0.00
tidesdb,PUT,2002042.88,4.995,3857.21,1427.33,37.00,3817.00,6318.00,7262.00,726.00,12955.00,2120.20,2894.84,0.02,852.04,44.801,1.786,575.1,86.08,1.12,0.00,0.11
tidesdb,ITER,3221449.18,3.104,0,0,0,0,0,0,0,0,2120.20,2894.84,0.02,852.04,44.801,1.786,575.1,86.08,1.12,0.00,0.11
tidesdb,PUT,1974752.01,5.064,3795.15,1702.59,44.86,3576.00,6625.00,9913.00,582.00,17108.00,2119.90,2907.33,0.03,854.93,44.591,1.688,567.6,86.33,1.12,0.00,0.11
tidesdb,ITER,3238811.85,3.088,0,0,0,0,0,0,0,0,2119.90,2907.33,0.03,854.93,44.591,1.688,567.6,86.33,1.12,0.00,0.11
tidesdb,PUT,1888671.15,5.295,4010.23,1487.12,37.08,3933.00,6560.00,7561.00,643.00,9834.00,2127.53,3092.59,0.01,897.32,49.788,1.850,592.9,87.35,1.18,0.00,0.11
tidesdb,ITER,2929881.78,3.413,0,0,0,0,0,0,0,0,2127.53,3092.59,0.01,897.32,49.788,1.850,592.9,87.35,1.18,0.00,0.11
rocksdb,PUT,1503590.27,6.651,5318.15,16294.75,306.40,4538.00,6700.00,8254.00,2254.00,423176.00,317.26,1357.85,0.32,1035.05,23.057,1.661,271.6,115.10,1.36,0.00,0.15
rocksdb,ITER,4081057.97,2.450,0,0,0,0,0,0,0,0,317.26,1357.85,0.32,1035.05,23.057,1.661,271.6,115.10,1.36,0.00,0.15
rocksdb,PUT,1718895.60,5.818,4652.64,1096.55,23.57,4539.00,6574.00,8445.00,2339.00,12006.00,293.42,1357.85,0.39,1041.14,23.246,1.599,298.2,104.85,1.36,0.00,0.14
rocksdb,ITER,3979939.51,2.513,0,0,0,0,0,0,0,0,293.42,1357.85,0.39,1041.14,23.246,1.599,298.2,104.85,1.36,0.00,0.14
rocksdb,PUT,1623899.12,6.158,4924.23,1468.39,29.82,4683.00,7350.00,9996.00,2276.00,23256.00,300.13,1357.85,0.33,1030.95,24.145,1.723,305.8,112.50,1.35,0.00,0.15
rocksdb,ITER,4349314.31,2.299,0,0,0,0,0,0,0,0,300.13,1357.85,0.33,1030.95,24.145,1.723,305.8,112.50,1.35,0.00,0.15
tidesdb,PUT,801037.18,2.497,9869.92,1953.72,19.79,9976.00,12951.00,14648.00,3923.00,18213.00,2231.12,2781.99,0.04,2302.07,16.761,6.963,618.0,621.16,1.16,0.00,0.31
tidesdb,ITER,1491385.39,1.341,0,0,0,0,0,0,0,0,2231.12,2781.99,0.04,2302.07,16.761,6.963,618.0,621.16,1.16,0.00,0.31
tidesdb,PUT,790721.67,2.529,10017.29,3430.81,34.25,9631.00,13303.00,25542.00,4337.00,47668.00,2228.17,2726.47,0.12,2155.16,15.359,6.238,639.3,580.07,1.09,0.00,0.29
tidesdb,ITER,2357998.39,0.848,0,0,0,0,0,0,0,0,2228.17,2726.47,0.12,2155.16,15.359,6.238,639.3,580.07,1.09,0.00,0.29
tidesdb,PUT,811045.79,2.466,9731.59,1767.34,18.16,9742.00,12537.00,14219.00,4778.00,17328.00,2230.44,2725.84,0.07,2150.25,15.676,6.119,653.7,580.10,1.08,0.00,0.29
tidesdb,ITER,2305395.78,0.868,0,0,0,0,0,0,0,0,2230.44,2725.84,0.07,2150.25,15.676,6.119,653.7,580.10,1.08,0.00,0.29
rocksdb,PUT,527858.25,3.789,15132.18,10133.25,66.96,13833.00,19945.00,33835.00,6001.00,167603.00,274.68,1293.85,0.34,2469.73,11.204,2.607,250.9,215.60,1.25,0.00,0.11
rocksdb,ITER,1166680.08,1.714,0,0,0,0,0,0,0,0,274.68,1293.85,0.34,2469.73,11.204,2.607,250.9,215.60,1.25,0.00,0.11
rocksdb,PUT,499860.16,4.001,15981.27,13743.09,85.99,13527.00,22096.00,90902.00,9456.00,152645.00,294.55,1293.75,0.28,2506.65,11.532,2.677,243.8,215.58,1.26,0.00,0.11
rocksdb,ITER,1094314.60,1.828,0,0,0,0,0,0,0,0,294.55,1293.75,0.28,2506.65,11.532,2.677,243.8,215.58,1.26,0.00,0.11
rocksdb,PUT,496980.47,4.024,16073.28,8438.39,52.50,14535.00,21821.00,73905.00,7250.00,106991.00,276.55,1295.00,0.29,2507.07,12.215,2.807,258.2,215.47,1.26,0.00,0.11
rocksdb,ITER,1116033.44,1.792,0,0,0,0,0,0,0,0,276.55,1295.00,0.29,2507.07,12.215,2.807,258.2,215.47,1.26,0.00,0.11
tidesdb,PUT,259107.90,1.930,30309.33,6745.99,22.26,29233.00,44544.00,57687.00,8958.00,65147.00,2116.22,2578.20,0.06,2170.01,8.954,6.771,651.6,910.50,1.05,0.00,0.44
tidesdb,ITER,1035179.54,0.483,0,0,0,0,0,0,0,0,2116.22,2578.20,0.06,2170.01,8.954,6.771,651.6,910.50,1.05,0.00,0.44
tidesdb,PUT,256770.39,1.947,30076.50,6641.14,22.08,29467.00,42042.00,54930.00,7876.00,61411.00,2116.76,2578.62,0.05,2150.08,9.027,6.684,596.9,150.95,1.04,0.00,0.07
tidesdb,ITER,730846.70,0.684,0,0,0,0,0,0,0,0,2116.76,2578.62,0.05,2150.08,9.027,6.684,596.9,150.95,1.04,0.00,0.07
tidesdb,PUT,259855.00,1.924,30244.10,6607.27,21.85,29257.00,42614.00,57851.00,7270.00,64874.00,2085.02,2386.61,0.03,2149.18,9.051,6.833,628.1,150.94,1.04,0.00,0.07
tidesdb,ITER,827873.51,0.604,0,0,0,0,0,0,0,0,2085.02,2386.61,0.03,2149.18,9.051,6.833,628.1,150.94,1.04,0.00,0.07
rocksdb,PUT,183856.79,2.720,43051.58,21144.07,49.11,37360.00,91923.00,144024.00,16154.00,146978.00,632.25,1293.77,0.30,2446.45,8.393,2.545,259.8,174.37,1.18,0.00,0.08
rocksdb,ITER,336082.94,1.488,0,0,0,0,0,0,0,0,632.25,1293.77,0.30,2446.45,8.393,2.545,259.8,174.37,1.18,0.00,0.08
rocksdb,PUT,193701.15,2.581,40862.23,12385.02,30.31,38487.00,53822.00,127638.00,17378.00,129099.00,767.36,1534.99,0.23,2444.43,8.486,2.730,284.6,174.36,1.18,0.00,0.08
rocksdb,ITER,368466.08,1.357,0,0,0,0,0,0,0,0,767.36,1534.99,0.23,2444.43,8.486,2.730,284.6,174.36,1.18,0.00,0.08
rocksdb,PUT,156445.36,3.196,50613.73,45124.48,89.15,37918.00,125196.00,325148.00,13866.00,328665.00,755.34,1423.79,0.26,2480.11,8.632,2.641,247.0,172.74,1.20,0.00,0.08
rocksdb,ITER,365391.30,1.368,0,0,0,0,0,0,0,0,755.34,1423.79,0.26,2480.11,8.632,2.641,247.0,172.74,1.20,0.00,0.08
tidesdb,PUT,78554.78,1.273,94969.66,26323.21,27.72,95995.00,133695.00,160742.00,21509.00,162911.00,1400.14,1682.64,0.03,1620.94,4.882,4.817,649.2,34.97,1.02,0.00,0.02
tidesdb,ITER,453751.39,0.220,0,0,0,0,0,0,0,0,1400.14,1682.64,0.03,1620.94,4.882,4.817,649.2,34.97,1.02,0.00,0.02
tidesdb,PUT,79966.73,1.251,93970.58,29288.69,31.17,97050.00,142780.00,168423.00,18745.00,169955.00,1442.39,1682.64,0.02,1621.05,4.874,4.758,659.2,34.96,1.02,0.00,0.02
tidesdb,ITER,476290.27,0.210,0,0,0,0,0,0,0,0,1442.39,1682.64,0.02,1621.05,4.874,4.758,659.2,34.96,1.02,0.00,0.02
tidesdb,PUT,79461.06,1.258,94141.55,27058.78,28.74,95769.00,131067.00,163632.00,19394.00,169374.00,1474.84,1746.64,0.02,1621.40,4.803,4.627,640.2,34.96,1.02,0.00,0.02
tidesdb,ITER,467392.37,0.214,0,0,0,0,0,0,0,0,1474.84,1746.64,0.02,1621.40,4.803,4.627,640.2,34.96,1.02,0.00,0.02
rocksdb,PUT,62651.66,1.596,121135.18,33680.25,27.80,109248.00,191050.00,202997.00,54541.00,207058.00,372.50,1314.89,0.08,1699.75,4.366,1.621,294.9,98.42,1.07,0.00,0.06
rocksdb,ITER,233568.46,0.428,0,0,0,0,0,0,0,0,372.50,1314.89,0.08,1699.75,4.366,1.621,294.9,98.42,1.07,0.00,0.06
rocksdb,PUT,53929.58,1.854,141137.92,91801.75,65.04,110572.00,405240.00,498681.00,53349.00,503840.00,401.36,1326.71,0.08,1700.72,4.300,1.613,260.3,98.47,1.07,0.00,0.06
rocksdb,ITER,239438.37,0.418,0,0,0,0,0,0,0,0,401.36,1326.71,0.08,1700.72,4.300,1.613,260.3,98.47,1.07,0.00,0.06
rocksdb,PUT,67933.12,1.472,111807.08,18125.17,16.21,107555.00,158488.00,159439.00,54605.00,166612.00,377.66,1294.70,0.03,1681.03,3.943,1.587,297.2,98.47,1.06,0.00,0.06
rocksdb,ITER,258173.78,0.387,0,0,0,0,0,0,0,0,377.66,1294.70,0.03,1681.03,3.943,1.587,297.2,98.47,1.06,0.00,0.06
tidesdb,PUT,958629.85,2.086,7.92,32.44,409.66,7.00,12.00,17.00,1.00,24262.00,361.92,715.14,0.02,279.52,8.387,9.790,617.9,22.12,1.26,0.00,0.10
tidesdb,ITER,2897975.33,0.690,0,0,0,0,0,0,0,0,361.92,715.14,0.02,279.52,8.387,9.790,617.9,22.12,1.26,0.00,0.10
tidesdb,PUT,979192.17,2.042,7.73,26.32,340.28,7.00,12.00,17.00,1.00,26597.00,367.51,717.00,0.02,280.12,8.290,9.669,621.7,22.25,1.27,0.00,0.10
tidesdb,ITER,2935680.70,0.681,0,0,0,0,0,0,0,0,367.51,717.00,0.02,280.12,8.290,9.669,621.7,22.25,1.27,0.00,0.10
tidesdb,PUT,984655.62,2.031,7.76,28.90,372.45,7.00,12.00,17.00,1.00,26117.00,360.90,715.25,0.00,279.59,8.207,9.623,621.7,22.16,1.26,0.00,0.10
tidesdb,ITER,2983458.22,0.670,0,0,0,0,0,0,0,0,360.90,715.25,0.00,279.59,8.207,9.623,621.7,22.16,1.26,0.00,0.10
rocksdb,PUT,666581.12,3.000,11.67,25.55,218.96,11.00,17.00,24.00,3.00,8804.00,160.79,1293.67,0.22,276.23,23.467,2.546,693.8,39.38,1.25,0.00,0.18
rocksdb,ITER,3462957.61,0.578,0,0,0,0,0,0,0,0,160.79,1293.67,0.22,276.23,23.467,2.546,693.8,39.38,1.25,0.00,0.18
rocksdb,PUT,675184.80,2.962,11.52,23.07,200.21,11.00,17.00,24.00,3.00,7912.00,193.07,1293.67,0.18,274.71,22.549,2.995,697.7,36.24,1.24,0.00,0.16
rocksdb,ITER,3712262.53,0.539,0,0,0,0,0,0,0,0,193.07,1293.67,0.18,274.71,22.549,2.995,697.7,36.24,1.24,0.00,0.16
rocksdb,PUT,662126.68,3.021,11.75,26.69,227.15,11.00,17.00,25.00,2.00,6854.00,217.72,1293.67,0.19,276.72,23.060,2.832,696.9,36.30,1.25,0.00,0.16
rocksdb,ITER,3745086.91,0.534,0,0,0,0,0,0,0,0,217.72,1293.67,0.19,276.72,23.060,2.832,696.9,36.30,1.25,0.00,0.16
tidesdb,PUT,2618452.23,0.764,27.72,18.35,66.19,25.00,46.00,72.00,6.00,2522.00,550.06,1199.41,0.01,243.54,5.172,1.317,475.0,21.68,1.10,0.00,0.10
tidesdb,ITER,3421476.26,0.585,0,0,0,0,0,0,0,0,550.06,1199.41,0.01,243.54,5.172,1.317,475.0,21.68,1.10,0.00,0.10
tidesdb,PUT,2629537.60,0.761,28.84,18.46,64.01,26.00,48.00,73.00,8.00,1465.00,550.54,1199.43,0.00,243.52,5.476,1.253,494.3,21.66,1.10,0.00,0.10
tidesdb,ITER,3418067.22,0.585,0,0,0,0,0,0,0,0,550.54,1199.43,0.00,243.52,5.476,1.253,494.3,21.66,1.10,0.00,0.10
tidesdb,PUT,2526522.17,0.792,29.73,158.17,532.04,26.00,48.00,76.00,8.00,44619.00,549.99,1199.41,0.00,243.53,5.694,1.262,493.1,21.69,1.10,0.00,0.10
tidesdb,ITER,3315616.89,0.603,0,0,0,0,0,0,0,0,549.99,1199.41,0.00,243.53,5.694,1.262,493.1,21.69,1.10,0.00,0.10
rocksdb,PUT,1647473.60,1.214,48.48,201.70,416.01,43.00,74.00,104.00,11.00,31272.00,162.29,1293.75,0.22,265.39,7.964,3.267,624.5,38.29,1.20,0.00,0.17
rocksdb,ITER,3539321.87,0.565,0,0,0,0,0,0,0,0,162.29,1293.75,0.22,265.39,7.964,3.267,624.5,38.29,1.20,0.00,0.17
rocksdb,PUT,1438788.89,1.390,55.49,72.78,131.14,51.00,85.00,124.00,12.00,8298.00,121.98,1293.75,0.18,264.45,9.103,3.694,638.2,37.91,1.20,0.00,0.17
rocksdb,ITER,3394969.00,0.589,0,0,0,0,0,0,0,0,121.98,1293.75,0.18,264.45,9.103,3.694,638.2,37.91,1.20,0.00,0.17
rocksdb,PUT,1667241.87,1.200,47.91,57.71,120.46,44.00,73.00,108.00,11.00,6522.00,130.80,1293.75,0.18,269.18,8.412,3.063,585.8,39.55,1.22,0.00,0.18
rocksdb,ITER,2707638.65,0.739,0,0,0,0,0,0,0,0,130.80,1293.75,0.18,269.18,8.412,3.063,585.8,39.55,1.22,0.00,0.18
tidesdb,PUT,3160551.26,0.633,233.26,97.58,41.83,214.00,402.00,555.00,67.00,2416.00,548.09,1198.06,0.00,238.85,5.018,0.599,485.1,20.50,1.08,0.00,0.09
tidesdb,ITER,3822169.73,0.523,0,0,0,0,0,0,0,0,548.09,1198.06,0.00,238.85,5.018,0.599,485.1,20.50,1.08,0.00,0.09
tidesdb,PUT,2437422.23,0.821,305.83,353.49,115.58,251.00,564.00,1205.00,67.00,10488.00,548.07,1198.07,0.00,238.85,5.906,0.617,485.2,20.47,1.08,0.00,0.09
tidesdb,ITER,3831300.19,0.522,0,0,0,0,0,0,0,0,548.07,1198.07,0.00,238.85,5.906,0.617,485.2,20.47,1.08,0.00,0.09
tidesdb,PUT,3136954.74,0.638,235.57,184.43,78.29,217.00,390.00,557.00,67.00,16553.00,548.05,1198.05,0.01,238.86,4.985,0.637,482.1,20.54,1.08,0.00,0.09
tidesdb,ITER,3796146.91,0.527,0,0,0,0,0,0,0,0,548.05,1198.05,0.01,238.86,4.985,0.637,482.1,20.54,1.08,0.00,0.09
rocksdb,PUT,2133929.70,0.937,374.59,229.69,61.32,345.00,568.00,830.00,94.00,7126.00,142.93,1293.70,0.23,263.56,4.973,0.757,379.6,38.45,1.19,0.00,0.17
rocksdb,ITER,3528730.93,0.567,0,0,0,0,0,0,0,0,142.93,1293.70,0.23,263.56,4.973,0.757,379.6,38.45,1.19,0.00,0.17
rocksdb,PUT,2097108.72,0.954,380.86,225.31,59.16,338.00,631.00,1009.00,75.00,7295.00,113.28,1293.70,0.19,262.89,4.870,0.949,385.5,36.13,1.19,0.00,0.16
rocksdb,ITER,3648243.64,0.548,0,0,0,0,0,0,0,0,113.28,1293.70,0.19,262.89,4.870,0.949,385.5,36.13,1.19,0.00,0.16
rocksdb,PUT,2077399.76,0.963,384.47,208.06,54.12,352.00,579.00,908.00,95.00,6729.00,159.74,1293.70,0.15,261.66,5.174,1.172,408.8,37.69,1.18,0.00,0.17
rocksdb,ITER,3430743.58,0.583,0,0,0,0,0,0,0,0,159.74,1293.70,0.15,261.66,5.174,1.172,408.8,37.69,1.18,0.00,0.17
tidesdb,PUT,2764875.03,0.723,2689.93,947.82,35.24,2560.00,4429.00,5188.00,847.00,5763.00,550.28,1198.09,0.01,237.38,5.868,0.610,499.6,18.03,1.07,0.00,0.08
tidesdb,ITER,3490523.23,0.573,0,0,0,0,0,0,0,0,550.28,1198.09,0.01,237.38,5.868,0.610,499.6,18.03,1.07,0.00,0.08
tidesdb,PUT,2782407.39,0.719,2752.31,964.41,35.04,2622.00,4556.00,5276.00,691.00,6037.00,549.64,1198.05,0.00,237.37,6.002,0.568,510.9,18.00,1.07,0.00,0.08
tidesdb,ITER,3528569.06,0.567,0,0,0,0,0,0,0,0,549.64,1198.05,0.00,237.37,6.002,0.568,510.9,18.00,1.07,0.00,0.08
tidesdb,PUT,2696871.63,0.742,2820.57,1056.23,37.45,2657.00,4735.00,5706.00,949.00,6860.00,549.94,1198.05,0.02,237.30,6.150,0.614,510.2,17.96,1.07,0.00,0.08
tidesdb,ITER,3426347.24,0.584,0,0,0,0,0,0,0,0,549.94,1198.05,0.02,237.30,6.150,0.614,510.2,17.96,1.07,0.00,0.08
rocksdb,PUT,1719847.21,1.163,4643.89,1066.25,22.96,4599.00,6388.00,7974.00,2487.00,13364.00,151.39,1293.67,0.23,262.45,3.754,0.393,241.3,38.21,1.19,0.00,0.17
rocksdb,ITER,3619961.92,0.552,0,0,0,0,0,0,0,0,151.39,1293.67,0.23,262.45,3.754,0.393,241.3,38.21,1.19,0.00,0.17
rocksdb,PUT,1740107.92,1.149,4589.35,970.50,21.15,4584.00,6319.00,7418.00,2580.00,10516.00,139.80,1293.67,0.20,261.68,3.788,0.318,241.3,36.64,1.18,0.00,0.17
rocksdb,ITER,3643272.61,0.549,0,0,0,0,0,0,0,0,139.80,1293.67,0.20,261.68,3.788,0.318,241.3,36.64,1.18,0.00,0.17
rocksdb,PUT,1735454.29,1.152,4596.72,934.54,20.33,4523.00,6064.00,7717.00,2477.00,9603.00,151.59,1293.67,0.16,261.34,3.727,0.406,242.5,39.36,1.18,0.00,0.18
rocksdb,ITER,3642688.67,0.549,0,0,0,0,0,0,0,0,151.59,1293.67,0.16,261.34,3.727,0.406,242.5,39.36,1.18,0.00,0.18
tidesdb,PUT,2038015.10,0.981,36561.96,6716.21,18.37,36683.00,47096.00,52609.00,17570.00,55238.00,567.16,1198.78,0.01,235.71,7.843,0.621,587.9,15.83,1.07,0.00,0.07
tidesdb,ITER,4365239.60,0.458,0,0,0,0,0,0,0,0,567.16,1198.78,0.01,235.71,7.843,0.621,587.9,15.83,1.07,0.00,0.07
tidesdb,PUT,2035807.82,0.982,37712.93,6419.23,17.02,38119.00,47112.00,52751.00,17036.00,53422.00,567.83,1198.82,0.00,235.84,7.955,0.711,562.9,15.89,1.07,0.00,0.07
tidesdb,ITER,3590741.63,0.557,0,0,0,0,0,0,0,0,567.83,1198.82,0.00,235.84,7.955,0.711,562.9,15.89,1.07,0.00,0.07
tidesdb,PUT,2064942.44,0.969,37479.43,6655.97,17.76,38161.00,47649.00,52473.00,16606.00,53423.00,568.29,1198.82,0.01,235.82,7.911,0.716,562.7,15.86,1.07,0.00,0.07
tidesdb,ITER,3544019.38,0.564,0,0,0,0,0,0,0,0,568.29,1198.82,0.01,235.82,7.911,0.716,562.7,15.86,1.07,0.00,0.07
rocksdb,PUT,1222611.96,1.636,64396.57,8537.27,13.26,65615.00,75153.00,78783.00,15669.00,78922.00,199.11,1293.67,0.21,263.19,3.262,0.369,166.6,39.80,1.19,0.00,0.18
rocksdb,ITER,3694358.35,0.541,0,0,0,0,0,0,0,0,199.11,1293.67,0.21,263.19,3.262,0.369,166.6,39.80,1.19,0.00,0.18
rocksdb,PUT,1189272.05,1.682,66218.60,11876.19,17.93,65421.00,91785.00,102662.00,14715.00,104791.00,192.28,1293.67,0.16,264.24,3.448,0.322,167.5,39.85,1.19,0.00,0.18
rocksdb,ITER,3525241.61,0.567,0,0,0,0,0,0,0,0,192.28,1293.67,0.16,264.24,3.448,0.322,167.5,39.85,1.19,0.00,0.18
rocksdb,PUT,1225575.81,1.632,64221.40,8818.82,13.73,65842.00,74605.00,77026.00,12967.00,78386.00,186.56,1293.67,0.21,263.19,3.370,0.291,166.3,39.79,1.19,0.00,0.18
rocksdb,ITER,3524359.49,0.567,0,0,0,0,0,0,0,0,186.56,1293.67,0.21,263.19,3.370,0.291,166.3,39.79,1.19,0.00,0.18
tidesdb,PUT,657905.12,3.040,1519.78,775.95,51.06,1329.00,2863.00,5395.00,637.00,8612.00,358.89,562.34,0.02,241.85,4.067,0.313,121.3,15.35,1.09,0.00,0.07
tidesdb,ITER,3501927.81,0.571,0,0,0,0,0,0,0,0,358.89,562.34,0.02,241.85,4.067,0.313,121.3,15.35,1.09,0.00,0.07
tidesdb,PUT,659774.01,3.031,1515.46,764.34,50.44,1345.00,2820.00,5147.00,626.00,9073.00,358.82,562.34,0.04,241.85,4.070,0.311,121.4,15.35,1.09,0.00,0.07
tidesdb,ITER,3475661.68,0.575,0,0,0,0,0,0,0,0,358.82,562.34,0.04,241.85,4.070,0.311,121.4,15.35,1.09,0.00,0.07
tidesdb,PUT,669008.42,2.989,1494.52,755.11,50.52,1346.00,2528.00,5352.00,714.00,8177.00,358.64,562.34,0.00,241.85,3.994,0.343,121.7,15.35,1.09,0.00,0.07
tidesdb,ITER,3492632.29,0.573,0,0,0,0,0,0,0,0,358.64,562.34,0.00,241.85,3.994,0.343,121.7,15.35,1.09,0.00,0.07
rocksdb,PUT,1002265.62,1.995,997.59,389.12,39.01,939.00,1373.00,2339.00,599.00,8759.00,165.94,837.67,0.23,261.20,3.174,0.286,139.8,40.86,1.18,0.00,0.18
rocksdb,ITER,4169967.89,0.480,0,0,0,0,0,0,0,0,165.94,837.67,0.23,261.20,3.174,0.286,139.8,40.86,1.18,0.00,0.18
rocksdb,PUT,1008484.38,1.983,991.48,303.65,30.63,954.00,1269.00,2031.00,622.00,7082.00,165.43,901.67,0.18,261.20,3.171,0.278,139.7,40.86,1.18,0.00,0.18
rocksdb,ITER,4137531.55,0.483,0,0,0,0,0,0,0,0,165.43,901.67,0.18,261.20,3.171,0.278,139.7,40.86,1.18,0.00,0.18
rocksdb,PUT,1003607.47,1.993,996.28,374.75,37.61,952.00,1266.00,2263.00,604.00,11736.00,190.43,965.67,0.16,261.20,3.146,0.315,139.7,40.86,1.18,0.00,0.18
rocksdb,ITER,4131932.61,0.484,0,0,0,0,0,0,0,0,190.43,965.67,0.16,261.20,3.146,0.315,139.7,40.86,1.18,0.00,0.18
tidesdb,PUT,1112502.36,1.798,1789.83,734.16,41.02,1582.00,3360.00,4363.00,656.00,5948.00,377.64,570.60,0.02,242.58,4.797,0.372,215.6,16.36,1.10,0.00,0.07
tidesdb,ITER,3336174.64,0.599,0,0,0,0,0,0,0,0,377.64,570.60,0.02,242.58,4.797,0.372,215.6,16.36,1.10,0.00,0.07
tidesdb,PUT,1152533.82,1.735,1734.20,698.80,40.29,1543.00,3188.00,4233.00,768.00,7894.00,365.44,570.39,0.00,242.55,4.720,0.310,215.2,16.36,1.10,0.00,0.07
tidesdb,ITER,3324827.32,0.602,0,0,0,0,0,0,0,0,365.44,570.39,0.00,242.55,4.720,0.310,215.2,16.36,1.10,0.00,0.07
tidesdb,PUT,1146505.65,1.744,1734.27,741.42,42.75,1525.00,3265.00,4403.00,655.00,8867.00,365.37,570.43,0.01,242.51,4.659,0.370,214.1,16.23,1.10,0.00,0.07
tidesdb,ITER,3310622.46,0.604,0,0,0,0,0,0,0,0,365.37,570.43,0.01,242.51,4.659,0.370,214.1,16.23,1.10,0.00,0.07
rocksdb,PUT,1137226.25,1.759,1758.04,592.27,33.69,1674.00,2477.00,3867.00,720.00,13815.00,188.07,965.67,0.22,265.84,3.466,0.427,172.3,49.54,1.20,0.00,0.22
rocksdb,ITER,3996339.35,0.500,0,0,0,0,0,0,0,0,188.07,965.67,0.22,265.84,3.466,0.427,172.3,49.54,1.20,0.00,0.22
rocksdb,PUT,1113613.03,1.796,1795.37,535.36,29.82,1708.00,2657.00,4159.00,998.00,8422.00,142.39,901.67,0.19,263.05,3.479,0.276,161.5,43.71,1.19,0.00,0.20
rocksdb,ITER,3800662.84,0.526,0,0,0,0,0,0,0,0,142.39,901.67,0.19,263.05,3.479,0.276,161.5,43.71,1.19,0.00,0.20
rocksdb,PUT,1138019.58,1.757,1756.73,498.65,28.39,1661.00,2629.00,3940.00,926.00,5847.00,189.74,965.80,0.17,263.12,3.469,0.302,166.2,56.53,1.19,0.00,0.26
rocksdb,ITER,3917482.16,0.511,0,0,0,0,0,0,0,0,189.74,965.80,0.17,263.12,3.469,0.302,166.2,56.53,1.19,0.00,0.26
tidesdb,PUT,1846096.48,1.083,2124.67,953.11,44.86,1813.00,4058.00,5678.00,662.00,6963.00,484.41,733.50,0.01,245.10,5.605,0.366,374.8,17.65,1.11,0.00,0.08
tidesdb,ITER,3925964.17,0.509,0,0,0,0,0,0,0,0,484.41,733.50,0.01,245.10,5.605,0.366,374.8,17.65,1.11,0.00,0.08
tidesdb,PUT,1764166.26,1.134,2251.68,1077.45,47.85,1917.00,4517.00,5787.00,782.00,8771.00,479.90,730.96,0.01,247.16,5.884,0.408,379.5,17.43,1.12,0.00,0.08
tidesdb,ITER,3816451.58,0.524,0,0,0,0,0,0,0,0,479.90,730.96,0.01,247.16,5.884,0.408,379.5,17.43,1.12,0.00,0.08
tidesdb,PUT,1763973.31,1.134,2235.32,970.15,43.40,1977.00,4300.00,5108.00,812.00,6932.00,481.92,732.36,0.00,245.37,5.656,0.552,382.1,17.49,1.11,0.00,0.08
tidesdb,ITER,4076341.73,0.491,0,0,0,0,0,0,0,0,481.92,732.36,0.00,245.37,5.656,0.552,382.1,17.49,1.11,0.00,0.08
rocksdb,PUT,1834379.39,1.090,2178.50,650.29,29.85,2056.00,3200.00,4658.00,1151.00,8572.00,158.78,1037.67,0.22,260.92,3.605,0.359,242.5,39.85,1.18,0.00,0.18
rocksdb,ITER,3693048.57,0.542,0,0,0,0,0,0,0,0,158.78,1037.67,0.22,260.92,3.605,0.359,242.5,39.85,1.18,0.00,0.18
rocksdb,PUT,1828690.14,1.094,2185.43,809.46,37.04,2015.00,3711.00,5563.00,1082.00,8816.00,152.99,1037.67,0.18,261.02,3.622,0.376,245.1,37.91,1.18,0.00,0.17
rocksdb,ITER,3742437.94,0.534,0,0,0,0,0,0,0,0,152.99,1037.67,0.18,261.02,3.622,0.376,245.1,37.91,1.18,0.00,0.17
rocksdb,PUT,1728490.45,1.157,2312.74,718.89,31.08,2198.00,3463.00,4934.00,1125.00,8647.00,125.98,1037.67,0.19,261.08,3.725,0.367,242.0,38.31,1.18,0.00,0.17
rocksdb,ITER,3787140.01,0.528,0,0,0,0,0,0,0,0,125.98,1037.67,0.19,261.08,3.725,0.367,242.0,38.31,1.18,0.00,0.17
tidesdb,PUT,2752712.80,0.727,2724.86,996.23,36.56,2564.00,4588.00,5180.00,933.00,5679.00,549.99,1198.05,0.00,237.33,6.083,0.569,478.9,17.99,1.07,0.00,0.08
tidesdb,ITER,3019925.47,0.662,0,0,0,0,0,0,0,0,549.99,1198.05,0.00,237.33,6.083,0.569,478.9,17.99,1.07,0.00,0.08
tidesdb,PUT,2767901.75,0.723,2561.07,890.71,34.78,2451.00,4183.00,4903.00,855.00,6243.00,550.32,1198.01,0.00,237.35,5.623,0.615,481.2,18.05,1.07,0.00,0.08
tidesdb,ITER,3488142.93,0.573,0,0,0,0,0,0,0,0,550.32,1198.01,0.00,237.35,5.623,0.615,481.2,18.05,1.07,0.00,0.08
tidesdb,PUT,2793132.25,0.716,2609.07,922.46,35.36,2442.00,4333.00,5009.00,773.00,6383.00,550.25,1198.13,0.00,237.38,5.701,0.586,490.4,18.03,1.07,0.00,0.08
tidesdb,ITER,3534849.19,0.566,0,0,0,0,0,0,0,0,550.25,1198.13,0.00,237.38,5.701,0.586,490.4,18.03,1.07,0.00,0.08
rocksdb,PUT,1699355.18,1.177,4697.82,1102.34,23.46,4612.00,6657.00,8315.00,2331.00,10450.00,145.91,1293.67,0.22,261.67,3.756,0.435,241.3,36.73,1.18,0.00,0.17
rocksdb,ITER,3598403.75,0.556,0,0,0,0,0,0,0,0,145.91,1293.67,0.22,261.67,3.756,0.435,241.3,36.73,1.18,0.00,0.17
rocksdb,PUT,1755639.55,1.139,4550.39,955.82,21.01,4480.00,6248.00,7401.00,2513.00,9417.00,146.80,1293.67,0.20,262.48,3.726,0.488,245.8,38.25,1.19,0.00,0.17
rocksdb,ITER,3496546.29,0.572,0,0,0,0,0,0,0,0,146.80,1293.67,0.20,262.48,3.726,0.488,245.8,38.25,1.19,0.00,0.17
rocksdb,PUT,1733955.71,1.153,4604.56,984.73,21.39,4614.00,6493.00,7678.00,2431.00,10204.00,166.63,1293.67,0.16,262.42,3.779,0.337,240.9,37.85,1.19,0.00,0.17
rocksdb,ITER,3619824.33,0.553,0,0,0,0,0,0,0,0,166.63,1293.67,0.16,262.42,3.779,0.337,240.9,37.85,1.19,0.00,0.17
tidesdb,PUT,3186880.25,0.628,4837.20,1345.69,27.82,4778.00,7120.00,8528.00,1789.00,10649.00,552.57,1198.17,0.01,237.13,7.038,0.844,669.6,17.65,1.07,0.00,0.08
tidesdb,ITER,3641965.64,0.549,0,0,0,0,0,0,0,0,552.57,1198.17,0.01,237.13,7.038,0.844,669.6,17.65,1.07,0.00,0.08
tidesdb,PUT,3128367.88,0.639,4936.67,1443.46,29.24,4855.00,7503.00,8940.00,1661.00,11665.00,552.11,1198.29,0.00,237.17,7.128,0.821,665.5,17.65,1.07,0.00,0.08
tidesdb,ITER,3604376.43,0.555,0,0,0,0,0,0,0,0,552.11,1198.29,0.00,237.17,7.128,0.821,665.5,17.65,1.07,0.00,0.08
tidesdb,PUT,3235664.79,0.618,4736.06,1293.75,27.32,4649.00,6990.00,8562.00,1390.00,10517.00,552.24,1198.21,0.00,237.15,6.975,0.808,661.3,17.67,1.07,0.00,0.08
tidesdb,ITER,3580123.16,0.559,0,0,0,0,0,0,0,0,552.24,1198.21,0.00,237.15,6.975,0.808,661.3,17.67,1.07,0.00,0.08
rocksdb,PUT,1725369.49,1.159,9240.82,1568.73,16.98,9396.00,11799.00,13287.00,3020.00,16503.00,137.84,1807.55,0.22,262.72,3.837,0.313,240.0,38.34,1.19,0.00,0.17
rocksdb,ITER,3533937.28,0.566,0,0,0,0,0,0,0,0,137.84,1807.55,0.22,262.72,3.837,0.313,240.0,38.34,1.19,0.00,0.17
rocksdb,PUT,1742664.25,1.148,9149.13,1599.42,17.48,9354.00,11672.00,13568.00,3339.00,16070.00,154.94,1807.55,0.16,263.41,3.672,0.443,241.8,40.35,1.19,0.00,0.18
rocksdb,ITER,3645317.86,0.549,0,0,0,0,0,0,0,0,154.94,1807.55,0.16,263.41,3.672,0.443,241.8,40.35,1.19,0.00,0.18
rocksdb,PUT,1724106.72,1.160,9238.96,1683.03,18.22,9445.00,11628.00,13647.00,2609.00,15715.00,155.67,1805.80,0.15,261.53,3.732,0.425,242.7,39.33,1.18,0.00,0.18
rocksdb,ITER,3635775.30,0.550,0,0,0,0,0,0,0,0,155.67,1805.80,0.15,261.53,3.732,0.425,242.7,39.33,1.18,0.00,0.18
tidesdb,PUT,2216988.16,2.255,3321.47,1225.99,36.91,3223.00,5483.00,6442.00,912.00,7882.00,1143.03,1817.04,0.01,569.80,20.062,1.201,550.5,44.87,1.11,0.00,0.09
tidesdb,ITER,3051677.89,1.607,0,0,0,0,0,0,0,0,1143.03,1817.04,0.01,569.80,20.062,1.201,550.5,44.87,1.11,0.00,0.09
tidesdb,PUT,2235722.01,2.236,3463.59,1241.46,35.84,3361.00,5563.00,6645.00,908.00,15995.00,1134.45,1798.17,0.01,565.68,20.156,1.216,563.8,45.09,1.10,0.00,0.09
tidesdb,ITER,3155715.09,1.554,0,0,0,0,0,0,0,0,1134.45,1798.17,0.01,565.68,20.156,1.216,563.8,45.09,1.10,0.00,0.09
tidesdb,PUT,2218467.59,2.254,3389.75,1182.12,34.87,3290.00,5419.00,6398.00,954.00,8323.00,1143.16,1813.00,0.03,568.88,20.210,1.119,561.3,44.87,1.10,0.00,0.09
tidesdb,ITER,3173705.78,1.545,0,0,0,0,0,0,0,0,1143.16,1813.00,0.03,568.88,20.210,1.119,561.3,44.87,1.10,0.00,0.09
rocksdb,PUT,1590728.98,3.143,5024.30,1165.42,23.20,4970.00,6980.00,8205.00,2562.00,14927.00,239.26,1293.80,0.29,663.16,11.310,1.051,275.2,91.82,1.29,0.00,0.18
rocksdb,ITER,3637186.22,1.348,0,0,0,0,0,0,0,0,239.26,1293.80,0.29,663.16,11.310,1.051,275.2,91.82,1.29,0.00,0.18
rocksdb,PUT,1586194.78,3.152,5038.44,1208.53,23.99,4947.00,7116.00,8730.00,2422.00,12587.00,239.57,1293.80,0.25,663.05,11.338,1.066,276.7,91.53,1.29,0.00,0.18
rocksdb,ITER,3686270.15,1.330,0,0,0,0,0,0,0,0,239.57,1293.80,0.25,663.05,11.338,1.066,276.7,91.53,1.29,0.00,0.18
rocksdb,PUT,1616074.38,3.094,4946.98,1109.56,22.43,4852.00,7078.00,8408.00,2409.00,11064.00,312.74,1293.80,0.27,663.02,11.263,1.061,278.3,91.95,1.29,0.00,0.18
rocksdb,ITER,3673944.88,1.335,0,0,0,0,0,0,0,0,312.74,1293.80,0.27,663.02,11.263,1.061,278.3,91.95,1.29,0.00,0.18
tidesdb,PUT,2118514.80,2.360,3598.68,1231.23,34.21,3536.00,5721.00,6618.00,792.00,7739.00,1252.80,1799.07,0.00,681.00,21.298,1.331,575.2,46.35,1.08,0.00,0.07
tidesdb,ITER,3177970.81,1.573,0,0,0,0,0,0,0,0,1252.80,1799.07,0.00,681.00,21.298,1.331,575.2,46.35,1.08,0.00,0.07
tidesdb,PUT,2104947.64,2.375,3615.35,1383.69,38.27,3542.00,5801.00,6672.00,872.00,35621.00,1253.21,1797.31,0.01,680.76,21.300,1.231,570.4,46.27,1.08,0.00,0.07
tidesdb,ITER,3176272.99,1.574,0,0,0,0,0,0,0,0,1253.21,1797.31,0.01,680.76,21.300,1.231,570.4,46.27,1.08,0.00,0.07
tidesdb,PUT,2107295.92,2.373,3622.69,1194.85,32.98,3548.00,5708.00,6544.00,820.00,8520.00,1245.05,1791.06,0.04,679.12,21.101,1.363,569.9,46.16,1.08,0.00,0.07
tidesdb,ITER,3188065.92,1.568,0,0,0,0,0,0,0,0,1245.05,1791.06,0.04,679.12,21.101,1.363,569.9,46.16,1.08,0.00,0.07
rocksdb,PUT,1994229.50,2.507,3998.94,3820.28,95.53,3571.00,5686.00,11766.00,1839.00,68819.00,217.44,1299.71,0.33,779.05,14.083,1.165,381.8,96.74,1.24,0.00,0.15
rocksdb,ITER,3386586.27,1.476,0,0,0,0,0,0,0,0,217.44,1299.71,0.33,779.05,14.083,1.165,381.8,96.74,1.24,0.00,0.15
rocksdb,PUT,2019296.40,2.476,3959.84,3110.79,78.56,3645.00,5204.00,10220.00,1947.00,56343.00,195.00,1299.71,0.23,776.12,14.074,1.164,385.8,92.94,1.23,0.00,0.15
rocksdb,ITER,3412321.76,1.465,0,0,0,0,0,0,0,0,195.00,1299.71,0.23,776.12,14.074,1.164,385.8,92.94,1.23,0.00,0.15
rocksdb,PUT,2016239.60,2.480,3964.06,1756.14,44.30,3785.00,5587.00,7406.00,1827.00,38386.00,246.93,1299.71,0.35,778.40,13.918,1.296,387.6,95.51,1.24,0.00,0.15
rocksdb,ITER,3467495.35,1.442,0,0,0,0,0,0,0,0,246.93,1299.71,0.35,778.40,13.918,1.296,387.6,95.51,1.24,0.00,0.15
tidesdb,PUT,1785533.18,2.800,4234.67,1449.41,34.23,4209.00,6748.00,7509.00,1063.00,9570.00,1416.77,1774.48,0.00,827.93,24.225,1.539,585.6,46.58,1.06,0.00,0.06
tidesdb,ITER,3128357.12,1.598,0,0,0,0,0,0,0,0,1416.77,1774.48,0.00,827.93,24.225,1.539,585.6,46.58,1.06,0.00,0.06
tidesdb,PUT,1812815.23,2.758,4240.55,1347.26,31.77,4226.00,6516.00,7290.00,1034.00,8442.00,1425.54,1790.85,0.01,831.91,24.749,1.567,600.4,46.54,1.06,0.00,0.06
tidesdb,ITER,3078214.98,1.624,0,0,0,0,0,0,0,0,1425.54,1790.85,0.01,831.91,24.749,1.567,600.4,46.54,1.06,0.00,0.06
tidesdb,PUT,1819446.17,2.748,4119.78,1453.68,35.29,4071.00,6512.00,7662.00,963.00,23924.00,1425.42,1790.96,0.02,832.07,24.022,1.605,589.0,46.75,1.06,0.00,0.06
tidesdb,ITER,3120968.10,1.602,0,0,0,0,0,0,0,0,1425.42,1790.96,0.02,832.07,24.022,1.605,589.0,46.75,1.06,0.00,0.06
rocksdb,PUT,1872875.92,2.670,4269.75,2249.44,52.68,4063.00,6011.00,8486.00,1875.00,47254.00,187.48,1295.08,0.37,942.21,14.658,1.373,389.5,73.45,1.20,0.00,0.09
rocksdb,ITER,3479592.19,1.437,0,0,0,0,0,0,0,0,187.48,1295.08,0.37,942.21,14.658,1.373,389.5,73.45,1.20,0.00,0.09
rocksdb,PUT,1850280.48,2.702,4320.94,2993.02,69.27,4047.00,5884.00,9132.00,1429.00,46839.00,226.32,1311.84,0.25,944.61,14.531,1.382,383.0,71.78,1.21,0.00,0.09
rocksdb,ITER,3458953.29,1.446,0,0,0,0,0,0,0,0,226.32,1311.84,0.25,944.61,14.531,1.382,383.0,71.78,1.21,0.00,0.09
rocksdb,PUT,1854854.66,2.696,4310.85,2046.74,47.48,4129.00,5850.00,10979.00,1878.00,37338.00,183.37,1311.84,0.25,944.27,14.974,1.522,396.2,73.53,1.21,0.00,0.09
rocksdb,ITER,3424312.76,1.460,0,0,0,0,0,0,0,0,183.37,1311.84,0.25,944.27,14.974,1.522,396.2,73.53,1.21,0.00,0.09
tidesdb,PUT,1392155.04,3.592,5445.64,1802.30,33.10,5422.00,8504.00,9756.00,1137.00,23643.00,1752.97,2270.51,0.00,1134.24,30.047,2.056,610.0,47.99,1.04,0.00,0.04
tidesdb,ITER,2993108.67,1.671,0,0,0,0,0,0,0,0,1752.97,2270.51,0.00,1134.24,30.047,2.056,610.0,47.99,1.04,0.00,0.04
tidesdb,PUT,1418545.55,3.525,5511.41,1649.06,29.92,5590.00,8172.00,8957.00,1281.00,10591.00,1752.99,2272.15,0.00,1134.64,30.483,2.178,629.3,47.90,1.04,0.00,0.04
tidesdb,ITER,3003365.57,1.665,0,0,0,0,0,0,0,0,1752.99,2272.15,0.00,1134.64,30.483,2.178,629.3,47.90,1.04,0.00,0.04
tidesdb,PUT,1447521.55,3.454,5273.09,1603.71,30.41,5269.00,7966.00,8858.00,1068.00,10694.00,1744.95,2276.28,0.01,1135.69,29.276,2.291,615.1,47.92,1.04,0.00,0.04
tidesdb,ITER,2980830.28,1.677,0,0,0,0,0,0,0,0,1744.95,2276.28,0.01,1135.69,29.276,2.291,615.1,47.92,1.04,0.00,0.04
rocksdb,PUT,1528856.09,3.270,5230.08,2064.44,39.47,4950.00,8058.00,12130.00,2072.00,29332.00,301.14,1327.70,0.36,1251.56,16.178,1.634,366.9,117.61,1.15,0.00,0.11
rocksdb,ITER,3159737.36,1.582,0,0,0,0,0,0,0,0,301.14,1327.70,0.36,1251.56,16.178,1.634,366.9,117.61,1.15,0.00,0.11
rocksdb,PUT,1607706.70,3.110,4971.55,2295.51,46.17,4822.00,6890.00,8372.00,2049.00,43456.00,342.19,1294.82,0.39,1261.23,16.745,1.521,369.2,103.91,1.16,0.00,0.10
rocksdb,ITER,2730090.68,1.831,0,0,0,0,0,0,0,0,342.19,1294.82,0.39,1261.23,16.745,1.521,369.2,103.91,1.16,0.00,0.10
rocksdb,PUT,1586741.95,3.151,5038.93,1367.55,27.14,4929.00,7101.00,8445.00,2373.00,21072.00,386.54,1361.27,0.29,1254.59,16.599,1.489,383.9,107.68,1.15,0.00,0.10
rocksdb,ITER,3204516.06,1.560,0,0,0,0,0,0,0,0,386.54,1361.27,0.29,1254.59,16.599,1.489,383.9,107.68,1.15,0.00,0.10
