engine	workload	threads	tps	qps	p95_ms
innodb	oltp_point_select	1	3943.58	3943.58	0.33
innodb	oltp_point_select	8	19329.93	19329.93	0.67
innodb	oltp_point_select	16	16912.93	16912.93	1.42
innodb	oltp_read_only	1	200.58	3208.83	5.67
innodb	oltp_read_only	8	973.66	15574.54	9.39
innodb	oltp_read_only	16	1043.88	16694.30	17.32
innodb	oltp_write_only	1	126.39	758.10	25.74
innodb	oltp_write_only	8	170.83	1024.04	179.94
innodb	oltp_write_only	16	317.47	1902.88	150.29
innodb	oltp_read_write	1	85.03	1699.73	32.53
innodb	oltp_read_write	8	183.95	3674.38	116.80
innodb	oltp_read_write	16	165.02	3290.78	314.45
innodb	oltp_update_index	1	489.89	489.89	3.49
innodb	oltp_update_index	8	447.50	447.50	70.55
innodb	oltp_update_index	16	894.44	894.44	61.08
innodb	oltp_update_non_index	1	332.49	332.49	8.43
innodb	oltp_update_non_index	8	1163.43	1163.43	25.28
innodb	oltp_update_non_index	16	1792.70	1792.70	31.94
innodb	oltp_insert	1	696.09	696.09	1.73
innodb	oltp_insert	8	1489.65	1489.65	17.32
innodb	oltp_insert	16	1690.20	1690.20	34.33
innodb	oltp_delete	1	513.84	513.84	3.82
innodb	oltp_delete	8	647.59	647.59	46.63
innodb	oltp_delete	16	946.46	946.46	54.83
innodb	select_random_points	1	281.68	281.68	10.84
innodb	select_random_points	8	3578.91	3578.91	4.03
innodb	select_random_points	16	3211.54	3211.54	8.58
innodb	select_random_ranges	1	11958.70	11958.70	0.10
innodb	select_random_ranges	8	64539.49	64539.49	0.16
innodb	select_random_ranges	16	86503.46	86503.46	0.24
tidesdb	oltp_point_select	1	6944.95	6944.95	0.14
tidesdb	oltp_point_select	8	49702.54	49702.54	0.06
tidesdb	oltp_point_select	16	92697.30	92697.30	0.07
tidesdb	oltp_read_only	1	410.62	6569.70	11.65
tidesdb	oltp_read_only	8	2939.19	47023.92	11.65
tidesdb	oltp_read_only	16	4696.30	75132.81	12.08
tidesdb	oltp_write_only	1	943.00	5704.52	1.42
tidesdb	oltp_write_only	8	2658.27	16482.81	11.65
tidesdb	oltp_write_only	16	4269.32	26826.52	12.52
tidesdb	oltp_read_write	1	216.40	4331.13	13.46
tidesdb	oltp_read_write	8	324.63	6594.68	23.10
tidesdb	oltp_read_write	16	1294.35	26437.06	38.25
tidesdb	oltp_update_index	1	1028.63	1028.63	3.43
tidesdb	oltp_update_index	8	3161.71	3161.71	10.84
tidesdb	oltp_update_index	16	6296.57	6296.57	10.65
tidesdb	oltp_update_non_index	1	775.88	775.88	3.89
tidesdb	oltp_update_non_index	8	4262.31	4262.31	6.67
tidesdb	oltp_update_non_index	16	4106.68	4106.68	12.52
tidesdb	oltp_insert	1	1281.76	1281.76	1.18
tidesdb	oltp_insert	8	4454.71	4454.71	2.97
tidesdb	oltp_insert	16	9157.38	9157.38	1.86
tidesdb	oltp_delete	1	890.82	890.82	3.68
tidesdb	oltp_delete	8	5151.88	5151.88	6.43
tidesdb	oltp_delete	16	7146.71	7146.71	9.56
tidesdb	select_random_points	1	4906.87	4906.87	0.29
tidesdb	select_random_points	8	33084.78	33084.78	0.35
tidesdb	select_random_points	16	51218.72	51218.72	0.44
tidesdb	select_random_ranges	1	1359.25	1359.25	0.92
tidesdb	select_random_ranges	8	32215.50	32215.50	0.90
tidesdb	select_random_ranges	16	44210.71	44210.71	1.18
